journal_id,month,cost_centre,cost_centre_name,account_code,account_name,line_type,amount,memo
JE000001,2024-01,CC900,Corporate,4000,Transaction fees,revenue,-1188222.14,
JE000002,2024-01,CC900,Corporate,4100,Subscription fees,revenue,-486000.00,
JE000003,2024-01,CC900,Corporate,4200,FX markup,revenue,-129065.51,
JE000004,2024-01,CC900,Corporate,5000,Scheme and interchange costs,cogs,676057.43,
JE000005,2024-01,CC900,Corporate,5100,Cloud hosting,cogs,85000.00,
JE000006,2024-01,CC100,Engineering,6000,Salaries and wages,opex,448400.00,
JE000007,2024-01,CC200,Sales,6000,Salaries and wages,opex,131600.00,
JE000008,2024-01,CC300,Marketing,6000,Salaries and wages,opex,53400.00,
JE000009,2024-01,CC400,Customer support,6000,Salaries and wages,opex,106400.00,
JE000010,2024-01,CC500,General and administrative,6000,Salaries and wages,opex,100100.00,
JE000011,2024-01,CC300,Marketing,6100,Marketing programmes,opex,180000.00,
JE000012,2024-01,CC500,General and administrative,6200,Facilities and administration,opex,148000.00,
JE000013,2024-01,CC900,Corporate,7000,Depreciation,other,72850.00,
JE000014,2024-01,CC900,Corporate,8000,Interest expense,other,47500.00,
JE000015,2024-01,CC900,Corporate,9000,Income tax,other,0.00,
JE000016,2024-02,CC900,Corporate,4000,Transaction fees,revenue,-1286669.11,
JE000017,2024-02,CC900,Corporate,4100,Subscription fees,revenue,-505800.00,
JE000018,2024-02,CC900,Corporate,4200,FX markup,revenue,-139758.89,
JE000019,2024-02,CC900,Corporate,5000,Scheme and interchange costs,cogs,732070.35,
JE000020,2024-02,CC900,Corporate,5100,Cloud hosting,cogs,86530.00,
JE000021,2024-02,CC100,Engineering,6000,Salaries and wages,opex,448400.00,
JE000022,2024-02,CC200,Sales,6000,Salaries and wages,opex,131600.00,
JE000023,2024-02,CC300,Marketing,6000,Salaries and wages,opex,53400.00,
JE000024,2024-02,CC400,Customer support,6000,Salaries and wages,opex,106400.00,
JE000025,2024-02,CC500,General and administrative,6000,Salaries and wages,opex,100100.00,
JE000026,2024-02,CC300,Marketing,6100,Marketing programmes,opex,180000.00,
JE000027,2024-02,CC500,General and administrative,6200,Facilities and administration,opex,148000.00,
JE000028,2024-02,CC900,Corporate,7000,Depreciation,other,73958.02,
JE000029,2024-02,CC900,Corporate,8000,Interest expense,other,46510.42,
JE000030,2024-02,CC900,Corporate,9000,Income tax,other,0.00,
JE000031,2024-03,CC900,Corporate,4000,Transaction fees,revenue,-1426396.44,
JE000032,2024-03,CC900,Corporate,4100,Subscription fees,revenue,-520200.00,
JE000033,2024-03,CC900,Corporate,4200,FX markup,revenue,-154936.16,
JE000034,2024-03,CC900,Corporate,5000,Scheme and interchange costs,cogs,811570.39,
JE000035,2024-03,CC900,Corporate,5100,Cloud hosting,cogs,88087.54,
JE000036,2024-03,CC100,Engineering,6000,Salaries and wages,opex,448400.00,
JE000037,2024-03,CC200,Sales,6000,Salaries and wages,opex,131600.00,
JE000038,2024-03,CC300,Marketing,6000,Salaries and wages,opex,53400.00,
JE000039,2024-03,CC400,Customer support,6000,Salaries and wages,opex,106400.00,
JE000040,2024-03,CC500,General and administrative,6000,Salaries and wages,opex,100100.00,
JE000041,2024-03,CC300,Marketing,6100,Marketing programmes,opex,180000.00,
JE000042,2024-03,CC500,General and administrative,6200,Facilities and administration,opex,148000.00,
JE000043,2024-03,CC900,Corporate,7000,Depreciation,other,75040.01,
JE000044,2024-03,CC900,Corporate,8000,Interest expense,other,45520.83,
JE000045,2024-03,CC900,Corporate,9000,Income tax,other,0.00,
JE000046,2024-04,CC900,Corporate,4000,Transaction fees,revenue,-1410087.79,
JE000047,2024-04,CC900,Corporate,4100,Subscription fees,revenue,-538200.00,
JE000048,2024-04,CC900,Corporate,4200,FX markup,revenue,-153164.71,
JE000049,2024-04,CC900,Corporate,5000,Scheme and interchange costs,cogs,802291.33,
JE000050,2024-04,CC900,Corporate,5100,Cloud hosting,cogs,89673.12,
JE000051,2024-04,CC100,Engineering,6000,Salaries and wages,opex,472000.00,
JE000052,2024-04,CC200,Sales,6000,Salaries and wages,opex,131600.00,
JE000053,2024-04,CC300,Marketing,6000,Salaries and wages,opex,53400.00,
JE000054,2024-04,CC400,Customer support,6000,Salaries and wages,opex,106400.00,
JE000055,2024-04,CC500,General and administrative,6000,Salaries and wages,opex,100100.00,
JE000056,2024-04,CC300,Marketing,6100,Marketing programmes,opex,180000.00,
JE000057,2024-04,CC500,General and administrative,6200,Facilities and administration,opex,148000.00,
JE000058,2024-04,CC900,Corporate,7000,Depreciation,other,76096.57,
JE000059,2024-04,CC900,Corporate,8000,Interest expense,other,44531.25,
JE000060,2024-04,CC900,Corporate,9000,Income tax,other,0.00,
JE000061,2024-05,CC900,Corporate,4000,Transaction fees,revenue,-1510525.81,
JE000062,2024-05,CC900,Corporate,4100,Subscription fees,revenue,-550800.00,
JE000063,2024-05,CC900,Corporate,4200,FX markup,revenue,-164074.36,
JE000064,2024-05,CC900,Corporate,5000,Scheme and interchange costs,cogs,859437.10,
JE000065,2024-05,CC900,Corporate,5100,Cloud hosting,cogs,91287.23,
JE000066,2024-05,CC100,Engineering,6000,Salaries and wages,opex,472000.00,
JE000067,2024-05,CC200,Sales,6000,Salaries and wages,opex,131600.00,
JE000068,2024-05,CC300,Marketing,6000,Salaries and wages,opex,53400.00,
JE000069,2024-05,CC400,Customer support,6000,Salaries and wages,opex,117600.00,
JE000070,2024-05,CC500,General and administrative,6000,Salaries and wages,opex,100100.00,
JE000071,2024-05,CC300,Marketing,6100,Marketing programmes,opex,180000.00,
JE000072,2024-05,CC500,General and administrative,6200,Facilities and administration,opex,148000.00,
JE000073,2024-05,CC900,Corporate,7000,Depreciation,other,77128.30,
JE000074,2024-05,CC900,Corporate,8000,Interest expense,other,43541.67,
JE000075,2024-05,CC900,Corporate,9000,Income tax,other,0.00,
JE000076,2024-06,CC900,Corporate,4000,Transaction fees,revenue,-1556996.59,
JE000077,2024-06,CC900,Corporate,4100,Subscription fees,revenue,-561600.00,
JE000078,2024-06,CC900,Corporate,4200,FX markup,revenue,-169122.04,
JE000079,2024-06,CC900,Corporate,5000,Scheme and interchange costs,cogs,885877.37,
JE000080,2024-06,CC900,Corporate,5100,Cloud hosting,cogs,92930.40,
JE000081,2024-06,CC100,Engineering,6000,Salaries and wages,opex,472000.00,
JE000082,2024-06,CC200,Sales,6000,Salaries and wages,opex,150400.00,
JE000083,2024-06,CC300,Marketing,6000,Salaries and wages,opex,53400.00,
JE000084,2024-06,CC400,Customer support,6000,Salaries and wages,opex,117600.00,
JE000085,2024-06,CC500,General and administrative,6000,Salaries and wages,opex,100100.00,
JE000086,2024-06,CC300,Marketing,6100,Marketing programmes,opex,180000.00,
JE000087,2024-06,CC500,General and administrative,6200,Facilities and administration,opex,148000.00,
JE000088,2024-06,CC900,Corporate,7000,Depreciation,other,78135.79,
JE000089,2024-06,CC900,Corporate,8000,Interest expense,other,42552.08,
JE000090,2024-06,CC900,Corporate,9000,Income tax,other,0.00,
JE000091,2024-07,CC900,Corporate,4000,Transaction fees,revenue,-1537784.35,
JE000092,2024-07,CC900,Corporate,4100,Subscription fees,revenue,-565200.00,
JE000093,2024-07,CC900,Corporate,4200,FX markup,revenue,-167035.20,
JE000094,2024-07,CC900,Corporate,5000,Scheme and interchange costs,cogs,874946.27,
JE000095,2024-07,CC900,Corporate,5100,Cloud hosting,cogs,94603.15,
JE000096,2024-07,CC100,Engineering,6000,Salaries and wages,opex,472000.00,
JE000097,2024-07,CC200,Sales,6000,Salaries and wages,opex,150400.00,
JE000098,2024-07,CC300,Marketing,6000,Salaries and wages,opex,53400.00,
JE000099,2024-07,CC400,Customer support,6000,Salaries and wages,opex,117600.00,
JE000100,2024-07,CC500,General and administrative,6000,Salaries and wages,opex,100100.00,
JE000101,2024-07,CC300,Marketing,6100,Marketing programmes,opex,180000.00,
JE000102,2024-07,CC500,General and administrative,6200,Facilities and administration,opex,148000.00,
JE000103,2024-07,CC900,Corporate,7000,Depreciation,other,79119.60,
JE000104,2024-07,CC900,Corporate,8000,Interest expense,other,41562.50,
JE000105,2024-07,CC900,Corporate,9000,Income tax,other,0.00,
JE000106,2024-08,CC900,Corporate,4000,Transaction fees,revenue,-1545149.65,
JE000107,2024-08,CC900,Corporate,4100,Subscription fees,revenue,-576000.00,
JE000108,2024-08,CC900,Corporate,4200,FX markup,revenue,-167835.22,
JE000109,2024-08,CC900,Corporate,5000,Scheme and interchange costs,cogs,879136.87,
JE000110,2024-08,CC900,Corporate,5100,Cloud hosting,cogs,96306.01,
JE000111,2024-08,CC100,Engineering,6000,Salaries and wages,opex,472000.00,
JE000112,2024-08,CC200,Sales,6000,Salaries and wages,opex,150400.00,
JE000113,2024-08,CC300,Marketing,6000,Salaries and wages,opex,62300.00,
JE000114,2024-08,CC400,Customer support,6000,Salaries and wages,opex,117600.00,
JE000115,2024-08,CC500,General and administrative,6000,Salaries and wages,opex,100100.00,
JE000116,2024-08,CC300,Marketing,6100,Marketing programmes,opex,180000.00,
JE000117,2024-08,CC500,General and administrative,6200,Facilities and administration,opex,148000.00,
JE000118,2024-08,CC900,Corporate,7000,Depreciation,other,80080.29,
JE000119,2024-08,CC900,Corporate,8000,Interest expense,other,40572.92,
JE000120,2024-08,CC900,Corporate,9000,Income tax,other,0.00,
JE000121,2024-09,CC900,Corporate,4000,Transaction fees,revenue,-1677805.47,
JE000122,2024-09,CC900,Corporate,4100,Subscription fees,revenue,-592200.00,
JE000123,2024-09,CC900,Corporate,4200,FX markup,revenue,-182244.39,
JE000124,2024-09,CC900,Corporate,5000,Scheme and interchange costs,cogs,954613.46,
JE000125,2024-09,CC900,Corporate,5100,Cloud hosting,cogs,98039.51,
JE000126,2024-09,CC100,Engineering,6000,Salaries and wages,opex,507400.00,
JE000127,2024-09,CC200,Sales,6000,Salaries and wages,opex,150400.00,
JE000128,2024-09,CC300,Marketing,6000,Salaries and wages,opex,62300.00,
JE000129,2024-09,CC400,Customer support,6000,Salaries and wages,opex,117600.00,
JE000130,2024-09,CC500,General and administrative,6000,Salaries and wages,opex,100100.00,
JE000131,2024-09,CC300,Marketing,6100,Marketing programmes,opex,180000.00,
JE000132,2024-09,CC500,General and administrative,6200,Facilities and administration,opex,148000.00,
JE000133,2024-09,CC900,Corporate,7000,Depreciation,other,81018.40,
JE000134,2024-09,CC900,Corporate,8000,Interest expense,other,39583.33,
JE000135,2024-09,CC900,Corporate,9000,Income tax,other,2770.98,
JE000136,2024-10,CC900,Corporate,4000,Transaction fees,revenue,-1798159.01,
JE000137,2024-10,CC900,Corporate,4100,Subscription fees,revenue,-613800.00,
JE000138,2024-10,CC900,Corporate,4200,FX markup,revenue,-195317.27,
JE000139,2024-10,CC900,Corporate,5000,Scheme and interchange costs,cogs,1023090.47,
JE000140,2024-10,CC900,Corporate,5100,Cloud hosting,cogs,99804.23,
JE000141,2024-10,CC100,Engineering,6000,Salaries and wages,opex,507400.00,
JE000142,2024-10,CC200,Sales,6000,Salaries and wages,opex,150400.00,
JE000143,2024-10,CC300,Marketing,6000,Salaries and wages,opex,62300.00,
JE000144,2024-10,CC400,Customer support,6000,Salaries and wages,opex,117600.00,
JE000145,2024-10,CC500,General and administrative,6000,Salaries and wages,opex,109200.00,
JE000146,2024-10,CC300,Marketing,6100,Marketing programmes,opex,180000.00,
JE000147,2024-10,CC500,General and administrative,6200,Facilities and administration,opex,148000.00,
JE000148,2024-10,CC900,Corporate,7000,Depreciation,other,81934.47,
JE000149,2024-10,CC900,Corporate,8000,Interest expense,other,38593.75,
JE000150,2024-10,CC900,Corporate,9000,Income tax,other,18680.21,
JE000151,2024-11,CC900,Corporate,4000,Transaction fees,revenue,-2031961.08,
JE000152,2024-11,CC900,Corporate,4100,Subscription fees,revenue,-637200.00,
JE000153,2024-11,CC900,Corporate,4200,FX markup,revenue,-220713.01,
JE000154,2024-11,CC900,Corporate,5000,Scheme and interchange costs,cogs,1156115.79,
JE000155,2024-11,CC900,Corporate,5100,Cloud hosting,cogs,101600.70,
JE000156,2024-11,CC100,Engineering,6000,Salaries and wages,opex,507400.00,
JE000157,2024-11,CC200,Sales,6000,Salaries and wages,opex,150400.00,
JE000158,2024-11,CC300,Marketing,6000,Salaries and wages,opex,62300.00,
JE000159,2024-11,CC400,Customer support,6000,Salaries and wages,opex,117600.00,
JE000160,2024-11,CC500,General and administrative,6000,Salaries and wages,opex,109200.00,
JE000161,2024-11,CC300,Marketing,6100,Marketing programmes,opex,180000.00,
JE000162,2024-11,CC500,General and administrative,6200,Facilities and administration,opex,148000.00,
JE000163,2024-11,CC900,Corporate,7000,Depreciation,other,82829.01,
JE000164,2024-11,CC900,Corporate,8000,Interest expense,other,37604.17,
JE000165,2024-11,CC900,Corporate,9000,Income tax,other,49733.13,
JE000166,2024-12,CC900,Corporate,4000,Transaction fees,revenue,-2137931.30,
JE000167,2024-12,CC900,Corporate,4100,Subscription fees,revenue,-648000.00,
JE000168,2024-12,CC900,Corporate,4200,FX markup,revenue,-232223.57,
JE000169,2024-12,CC900,Corporate,5000,Scheme and interchange costs,cogs,1216409.19,
JE000170,2024-12,CC900,Corporate,5100,Cloud hosting,cogs,103429.51,
JE000171,2024-12,CC100,Engineering,6000,Salaries and wages,opex,507400.00,
JE000172,2024-12,CC200,Sales,6000,Salaries and wages,opex,150400.00,
JE000173,2024-12,CC300,Marketing,6000,Salaries and wages,opex,62300.00,
JE000174,2024-12,CC400,Customer support,6000,Salaries and wages,opex,117600.00,
JE000175,2024-12,CC500,General and administrative,6000,Salaries and wages,opex,109200.00,
JE000176,2024-12,CC300,Marketing,6100,Marketing programmes,opex,180000.00,
JE000177,2024-12,CC500,General and administrative,6200,Facilities and administration,opex,148000.00,
JE000178,2024-12,CC900,Corporate,7000,Depreciation,other,83702.52,
JE000179,2024-12,CC900,Corporate,8000,Interest expense,other,36614.58,
JE000180,2024-12,CC900,Corporate,9000,Income tax,other,63650.80,
JE000181,2025-01,CC900,Corporate,4000,Transaction fees,revenue,-1599570.71,
JE000182,2025-01,CC900,Corporate,4100,Subscription fees,revenue,-660600.00,
JE000183,2025-01,CC900,Corporate,4200,FX markup,revenue,-173746.47,
JE000184,2025-01,CC900,Corporate,5000,Scheme and interchange costs,cogs,910100.58,
JE000185,2025-01,CC900,Corporate,5100,Cloud hosting,cogs,105291.25,
JE000186,2025-01,CC100,Engineering,6000,Salaries and wages,opex,507400.00,
JE000187,2025-01,CC200,Sales,6000,Salaries and wages,opex,169200.00,
JE000188,2025-01,CC300,Marketing,6000,Salaries and wages,opex,62300.00,
JE000189,2025-01,CC400,Customer support,6000,Salaries and wages,opex,117600.00,
JE000190,2025-01,CC500,General and administrative,6000,Salaries and wages,opex,109200.00,
JE000191,2025-01,CC300,Marketing,6100,Marketing programmes,opex,180000.00,
JE000192,2025-01,CC500,General and administrative,6200,Facilities and administration,opex,156880.00,
JE000193,2025-01,CC900,Corporate,7000,Depreciation,other,84555.51,
JE000194,2025-01,CC900,Corporate,8000,Interest expense,other,35625.00,
JE000195,2025-01,CC900,Corporate,9000,Income tax,other,0.00,
JE000196,2025-02,CC900,Corporate,4000,Transaction fees,revenue,-1763805.43,
JE000197,2025-02,CC900,Corporate,4100,Subscription fees,revenue,-671400.00,
JE000198,2025-02,CC900,Corporate,4200,FX markup,revenue,-191585.76,
JE000199,2025-02,CC900,Corporate,5000,Scheme and interchange costs,cogs,1003544.47,
JE000200,2025-02,CC900,Corporate,5100,Cloud hosting,cogs,107186.49,
JE000201,2025-02,CC100,Engineering,6000,Salaries and wages,opex,554600.00,
JE000202,2025-02,CC200,Sales,6000,Salaries and wages,opex,169200.00,
JE000203,2025-02,CC300,Marketing,6000,Salaries and wages,opex,62300.00,
JE000204,2025-02,CC400,Customer support,6000,Salaries and wages,opex,117600.00,
JE000205,2025-02,CC500,General and administrative,6000,Salaries and wages,opex,109200.00,
JE000206,2025-02,CC300,Marketing,6100,Marketing programmes,opex,180000.00,
JE000207,2025-02,CC500,General and administrative,6200,Facilities and administration,opex,156880.00,
JE000208,2025-02,CC900,Corporate,7000,Depreciation,other,85388.46,
JE000209,2025-02,CC900,Corporate,8000,Interest expense,other,34635.42,
JE000210,2025-02,CC900,Corporate,9000,Income tax,other,9713.83,
JE000211,2025-03,CC900,Corporate,4000,Transaction fees,revenue,-1946332.78,
JE000212,2025-03,CC900,Corporate,4100,Subscription fees,revenue,-685800.00,
JE000213,2025-03,CC900,Corporate,4200,FX markup,revenue,-211412.01,
JE000214,2025-03,CC900,Corporate,5000,Scheme and interchange costs,cogs,1107396.24,
JE000215,2025-03,CC900,Corporate,5100,Cloud hosting,cogs,109115.84,
JE000216,2025-03,CC100,Engineering,6000,Salaries and wages,opex,554600.00,
JE000217,2025-03,CC200,Sales,6000,Salaries and wages,opex,169200.00,
JE000218,2025-03,CC300,Marketing,6000,Salaries and wages,opex,71200.00,
JE000219,2025-03,CC400,Customer support,6000,Salaries and wages,opex,117600.00,
JE000220,2025-03,CC500,General and administrative,6000,Salaries and wages,opex,109200.00,
JE000221,2025-03,CC300,Marketing,6100,Marketing programmes,opex,"180,000.00",
JE000222,2025-03,CC500,General and administrative,6200,Facilities and administration,opex,156880.00,
JE000223,2025-03,CC900,Corporate,7000,Depreciation,other,86201.83,
JE000224,2025-03,CC900,Corporate,8000,Interest expense,other,33645.83,
JE000225,2025-03,CC900,Corporate,9000,Income tax,other,31186.06,
JE000226,2025-04,CC900,Corporate,4000,Transaction fees,revenue,-1962594.55,
JE000227,2025-04,CC900,Corporate,4100,Subscription fees,revenue,"(700,200.00)",
JE000228,2025-04,CC900,Corporate,4200,FX markup,revenue,-213178.37,
JE000229,2025-04,CC900,Corporate,5000,Scheme and interchange costs,cogs,1116648.62,
JE000230,2025-04,CC900,Corporate,5100,Cloud hosting,cogs,111079.93,
JE000231,2025-04,CC100,Engineering,6000,Salaries and wages,opex,554600.00,
JE000232,2025-04,CC200,Sales,6000,Salaries and wages,opex,169200.00,
JE000233,2025-04,CC300,Marketing,6000,Salaries and wages,opex,71200.00,
JE000234,2025-04,CC400,Customer support,6000,Salaries and wages,opex,123200.00,
JE000235,2025-04,CC500,General and administrative,6000,Salaries and wages,opex,109200.00,
JE000236,2025-04,CC300,Marketing,6100,Marketing programmes,opex,180000.00,
JE000237,2025-04,CC500,General and administrative,6200,Facilities and administration,opex,156880.00,
JE000238,2025-04,CC900,Corporate,7000,Depreciation,other,86996.09,
JE000239,2025-04,CC900,Corporate,8000,Interest expense,other,32656.25,
JE000240,2025-04,CC900,Corporate,9000,Income tax,other,34505.53,
JE000241,2025-05,CC900,Corporate,4000,Transaction fees,revenue,-2048915.06,
JE000242,2025-05,CC900,Corporate,4100,Subscription fees,revenue,-709200.00,
JE000243,2025-05,CC900,Corporate,4200,FX markup,revenue,-222554.57,
JE000244,2025-05,CC900,Corporate,5000,Scheme and interchange costs,cogs,1165762.02,
JE000245,2025-05,CC900,Corporate,5100,Cloud hosting ,cogs,113079.37,
JE000246,2025-05,CC100,Engineering,6000,Salaries and wages,opex,554600.00,
JE000247,2025-05,CC200,Sales,6000,Salaries and wages,opex,169200.00,
JE000248,2025-05,CC300,Marketing,6000,Salaries and wages,opex,71200.00,
JE000249,2025-05,CC400,Customer support,6000,Salaries and wages,opex,123200.00,
JE000250,2025-05,CC500,General and administrative,6000,Salaries and wages,opex,118300.00,
JE000251,2025-05,CC300,Marketing,6100,Marketing programmes,opex,180000.00,
JE000252,2025-05,CC500,General and administrative,6200,Facilities and administration,opex,156880.00,
JE000253,2025-05,CC900,Corporate,7000,Depreciation,other,87771.68,
JE000254,2025-05,CC900,Corporate,8000,Interest expense,other,31666.67,
JE000255,2025-05,CC900,Corporate,9000,Income tax,other,43892.08,
JE000256,2025-06,CC900,Corporate,4000,Transaction fees,revenue,-2070985.84,
JE000257,2025-06,CC900,Corporate,4100,Subscription fees,revenue,-721800.00,
JE000258,2025-06,CC900,Corporate,4200,FX markup,revenue,-224951.91,
JE000259,2025-06,CC900,Corporate,5000,Scheme and interchange costs,cogs,1178319.53,
JE000260,2025-06,CC900,Corporate,5100,Cloud hosting,cogs,115114.80,
JE000261,2025-06,CC100,Engineering,6000,Salaries and wages,opex,590000.00,
JE000261,2025-06,CC100,Engineering,6000,Salaries and wages,opex,590000.00,
JE000262,2025-06,CC200,Sales,6000,Salaries and wages,opex,169200.00,
JE000263,2025-06,CC300,Marketing,6000,Salaries and wages,opex,71200.00,
JE000264,2025-06,CC400,Customer support,6000,Salaries and wages,opex,123200.00,
JE000265,2025-06,CC500,General and administrative,6000,Salaries and wages,opex,118300.00,
JE000266,2025-06,CC300,Marketing,6100,Marketing programmes,opex,180000.00,
JE000267,2025-06,CC500,General and administrative,6200,Facilities and administration,opex,156880.00,
JE000268,2025-06,CC900,Corporate,7000,Depreciation,other,88529.05,
JE000269,2025-06,CC900,Corporate,8000,Interest expense,other,30677.08,
JE000270,2025-06,CC900,Corporate,9000,Income tax,other,41226.63,
JE000271,2025-07,CC900,Corporate,4000,Transaction fees,revenue,-2093638.23,
JE000272,2025-07,CC900,Corporate,4100,Subscription fees,revenue,-729000.00,
JE000273,2025-07,CC900,Corporate,4200,FX markup,revenue,-227412.43,
JE000274,2025-07,CC900,Corporate,5000,Scheme and interchange costs,cogs,1191207.96,
JE000275,2025-07,CC900,Corporate,5100,Cloud hosting,cogs,29186.86,
JE000276,2025-07,CC500,General and administrative,6200,Facilities and administration,opex,88000.00,"cloud invoice, coded in error"
JE000277,2025-07,CC100,Engineering,6000,Salaries and wages,opex,590000.00,
JE000278,2025-07,CC200,Sales,6000,Salaries and wages,opex,188000.00,
JE000279,2025-07,CC300,Marketing,6000,Salaries and wages,opex,71200.00,
JE000280,2025-07,CC400,Customer support,6000,Salaries and wages,opex,123200.00,
JE000281,2025-07,CC500,General and administrative,6000,Salaries and wages,opex,118300.00,
JE000282,2025-07,CC300,Marketing,6100,Marketing programmes,opex,180000.00,
JE000283,2025-07,CC500,General and administrative,6200,Facilities and administration,opex,156880.00,
JE000284,2025-07,CC900,Corporate,7000,Depreciation,other,89268.61,
JE000285,2025-07,CC900,Corporate,8000,Interest expense,other,29687.50,
JE000286,2025-07,CC900,Corporate,9000,Income tax,other,40975.14,
JE000287,2025-08,CC900,Corporate,4000,Transaction fees,revenue,-2128226.09,
JE000288,2025-08,CC900,Corporate,4100,Subscription fees,revenue,-747000.00,
JE000289,2025-08,CC900,Corporate,4200,FX markup,revenue,-231169.39,
JE000290,2025-08,CC900,Corporate,5000,Scheme and interchange costs,cogs,1065887.26,includes scheme refund for Apr to Jul
JE000291,2025-08,CC900,Corporate,5100,Cloud hosting,cogs,207296.23,reclass of July cloud invoice
JE000292,2025-08,CC500,General and administrative,6200,Facilities and administration,opex,-88000.00,reversal of July error
JE000293,2025-08,CC100,Engineering,6000,Salaries and wages,opex,590000.00,
JE000294,2025-08,CC200,Sales,6000,Salaries and wages,opex,188000.00,
JE000295,2025-08,CC300,Marketing,6000,Salaries and wages,opex,71200.00,
JE000296,2025-08,CC400,Customer support,6000,Salaries and wages,opex,123200.00,
JE000297,2025-08,CC500,General and administrative,6000,Salaries and wages,opex,118300.00,
JE000298,2025-08,CC300,Marketing,6100,Marketing programmes,opex,180000.00,
JE000299,2025-08,CC500,General and administrative,6200,Facilities and administration,opex,156880.00,
JE000300,2025-08,CC900,Corporate,7000,Depreciation,other,89990.80,
JE000301,2025-08,CC900,Corporate,8000,Interest expense,other,28697.92,
JE000302,2025-08,CC900,Corporate,9000,Income tax,other,78738.09,
JE000303,2025-09,CC900,Corporate,4000,Transaction fees,revenue,-2348188.49,
JE000304,2025-09,CC900,Corporate,4100,Subscription fees,revenue,-757800.00,
JE000305,2025-09,CC900,Corporate,4200,FX markup,revenue,-255061.85,
JE000306,2025-09,CC900,Corporate,5000,Scheme and interchange costs,cogs,1336038.28,
JE000307,2025-09,CC900,Corporate,5100,Cloud hosting,cogs,121443.56,
JE000308,2025-09,CC100,Engineering,6000,Salaries and wages,opex,590000.00,
JE000309,2025-09,CC200,Sales,6000,Salaries and wages,opex,188000.00,
JE000310,2025-09,CC300,Marketing,6000,Salaries and wages,opex,71200.00,
JE000311,2025-09,CC400,Customer support,6000,Salaries and wages,opex,123200.00,
JE000312,2025-09,CC500,General and administrative,6000,Salaries and wages,opex,118300.00,
JE000313,2025-09,CC300,Marketing,6100,Marketing programmes,opex,390000.00,
JE000314,2025-09,CC500,General and administrative,6200,Facilities and administration,opex,156880.00,
JE000315,2025-09,CC900,Corporate,7000,Depreciation,other,90696.02,
JE000316,2025-09,CC900,Corporate,8000,Interest expense,other,27708.33,
JE000317,2025-09,CC900,Corporate,9000,Income tax,other,30992.67,
