month,cost_centre,department,heads,payroll_cost
2024-01,CC100,engineering,38,448400.00
2024-01,CC200,sales,14,131600.00
2024-01,CC300,marketing,6,53400.00
2024-01,CC400,support,19,106400.00
2024-01,CC500,g_and_a,11,100100.00
2024-02,CC100,engineering,38,448400.00
2024-02,CC200,sales,14,131600.00
2024-02,CC300,marketing,6,53400.00
2024-02,CC400,support,19,106400.00
2024-02,CC500,g_and_a,11,100100.00
2024-03,CC100,engineering,38,448400.00
2024-03,CC200,sales,14,131600.00
2024-03,CC300,marketing,6,53400.00
2024-03,CC400,support,19,106400.00
2024-03,CC500,g_and_a,11,100100.00
2024-04,CC100,engineering,40,472000.00
2024-04,CC200,sales,14,131600.00
2024-04,CC300,marketing,6,53400.00
2024-04,CC400,support,19,106400.00
2024-04,CC500,g_and_a,11,100100.00
2024-05,CC100,engineering,40,472000.00
2024-05,CC200,sales,14,131600.00
2024-05,CC300,marketing,6,53400.00
2024-05,CC400,support,21,117600.00
2024-05,CC500,g_and_a,11,100100.00
2024-06,CC100,engineering,40,472000.00
2024-06,CC200,sales,16,150400.00
2024-06,CC300,marketing,6,53400.00
2024-06,CC400,support,21,117600.00
2024-06,CC500,g_and_a,11,100100.00
2024-07,CC100,engineering,40,472000.00
2024-07,CC200,sales,16,150400.00
2024-07,CC300,marketing,6,53400.00
2024-07,CC400,support,21,117600.00
2024-07,CC500,g_and_a,11,100100.00
2024-08,CC100,engineering,40,472000.00
2024-08,CC200,sales,16,150400.00
2024-08,CC300,marketing,7,62300.00
2024-08,CC400,support,21,117600.00
2024-08,CC500,g_and_a,11,100100.00
2024-09,CC100,engineering,43,507400.00
2024-09,CC200,sales,16,150400.00
2024-09,CC300,marketing,7,62300.00
2024-09,CC400,support,21,117600.00
2024-09,CC500,g_and_a,11,100100.00
2024-10,CC100,engineering,43,507400.00
2024-10,CC200,sales,16,150400.00
2024-10,CC300,marketing,7,62300.00
2024-10,CC400,support,21,117600.00
2024-10,CC500,g_and_a,12,109200.00
2024-11,CC100,engineering,43,507400.00
2024-11,CC200,sales,16,150400.00
2024-11,CC300,marketing,7,62300.00
2024-11,CC400,support,21,117600.00
2024-11,CC500,g_and_a,12,109200.00
2024-12,CC100,engineering,43,507400.00
2024-12,CC200,sales,16,150400.00
2024-12,CC300,marketing,7,62300.00
2024-12,CC400,support,21,117600.00
2024-12,CC500,g_and_a,12,109200.00
2025-01,CC100,engineering,43,507400.00
2025-01,CC200,sales,18,169200.00
2025-01,CC300,marketing,7,62300.00
2025-01,CC400,support,21,117600.00
2025-01,CC500,g_and_a,12,109200.00
2025-02,CC100,engineering,47,554600.00
2025-02,CC200,sales,18,169200.00
2025-02,CC300,marketing,7,62300.00
2025-02,CC400,support,21,117600.00
2025-02,CC500,g_and_a,12,109200.00
2025-03,CC100,engineering,47,554600.00
2025-03,CC200,sales,18,169200.00
2025-03,CC300,marketing,8,71200.00
2025-03,CC400,support,21,117600.00
2025-03,CC500,g_and_a,12,109200.00
2025-04,CC100,engineering,47,554600.00
2025-04,CC200,sales,18,169200.00
2025-04,CC300,marketing,8,71200.00
2025-04,CC400,support,22,123200.00
2025-04,CC500,g_and_a,12,109200.00
2025-05,CC100,engineering,47,554600.00
2025-05,CC200,sales,18,169200.00
2025-05,CC300,marketing,8,71200.00
2025-05,CC400,support,22,123200.00
2025-05,CC500,g_and_a,13,118300.00
2025-06,CC100,engineering,50,590000.00
2025-06,CC200,sales,18,169200.00
2025-06,CC300,marketing,8,71200.00
2025-06,CC400,support,22,123200.00
2025-06,CC500,g_and_a,13,118300.00
2025-07,CC100,engineering,50,590000.00
2025-07,CC200,sales,20,188000.00
2025-07,CC300,marketing,8,71200.00
2025-07,CC400,support,22,123200.00
2025-07,CC500,g_and_a,13,118300.00
2025-08,CC100,engineering,50,590000.00
2025-08,CC200,sales,20,188000.00
2025-08,CC300,marketing,8,71200.00
2025-08,CC400,support,22,123200.00
2025-08,CC500,g_and_a,13,118300.00
2025-09,CC100,engineering,50,590000.00
2025-09,CC200,sales,20,188000.00
2025-09,CC300,marketing,8,71200.00
2025-09,CC400,support,22,123200.00
2025-09,CC500,g_and_a,13,118300.00
