customer_id,name,country,currency,segment,signed_month,churned_month
MER0001,Copper Outfitters,GB,GBP,small,2023-11,
MER0002,Dune Markets,DE,EUR,mid,2023-11,
MER0003,Pennant Travel,DE,EUR,small,2023-11,
MER0004,Riverbend Travel,DE,EUR,mid,2023-11,2025-01
MER0005,Granite Travel,NL,EUR,enterprise,2023-11,
MER0006,Lantern Mobility,NL,EUR,small,2023-11,
MER0007,Foundry Logistics,US,USD,enterprise,2023-11,
MER0008,Lantern Tickets,GB,GBP,small,2023-11,
MER0009,Orchard Supply,DE,EUR,mid,2023-11,
MER0010,Willow Supply,SG,SGD,mid,2023-11,
MER0011,Northgate Works,GB,GBP,mid,2023-11,
MER0012,Maple Rentals,IE,EUR,mid,2023-11,
MER0013,Thistle Logistics,AU,AUD,enterprise,2023-11,
MER0014,Fathom Tickets,VN,VND,mid,2023-11,
MER0015,Northgate Trading,SG,SGD,small,2023-11,
MER0016,Verdant Retail,GB,GBP,mid,2023-11,
MER0017,Cobalt Rentals,VN,VND,small,2023-11,
MER0018,Verdant Tickets,NL,EUR,mid,2023-11,
MER0019,Foundry Outfitters,IE,EUR,mid,2023-11,
MER0020,Willow Trading,GB,GBP,small,2023-11,
MER0021,Pennant Studios,GB,GBP,mid,2023-11,
MER0022,Northgate Studios,SG,SGD,enterprise,2023-11,
MER0023,Granite Works,NL,EUR,mid,2023-11,
MER0024,Meridian Studios,IE,EUR,small,2023-11,
MER0025,Kestrel Grocers,DE,EUR,small,2023-11,
MER0026,Maple Outfitters,US,USD,mid,2023-11,
MER0027,Harbour Supply,CA,CAD,enterprise,2023-11,
MER0028,Harbour Studios,DE,EUR,small,2023-11,
MER0029,Maple Delivery,NL,EUR,mid,2023-11,
MER0030,Thistle Retail,US,USD,small,2023-11,
MER0031,Cobalt Travel,NL,EUR,small,2023-11,
MER0032,Maple Trading,FR,EUR,mid,2023-11,
MER0033,Riverbend Supply,VN,VND,mid,2023-11,
MER0034,Cinder Travel,FR,EUR,small,2023-11,
MER0035,Foundry Travel,CA,CAD,enterprise,2023-11,
MER0036,Kestrel Mobility,IE,EUR,small,2023-11,
MER0037,Fathom Supply,AU,AUD,mid,2023-11,2025-06
MER0038,Quill Supply,CA,CAD,small,2023-11,2025-02
MER0039,Willow Mobility,US,USD,enterprise,2023-11,
MER0040,Pennant Rentals,DE,EUR,mid,2023-11,
MER0041,Riverbend Works,CA,CAD,mid,2023-11,
MER0042,Verdant Trading,NL,EUR,mid,2023-11,
MER0043,Brook Delivery,VN,VND,small,2023-11,
MER0044,Foundry Works,FR,EUR,small,2023-11,
MER0045,Thistle Rentals,CA,CAD,mid,2023-11,
MER0046,Riverbend Delivery,VN,VND,small,2023-11,
MER0047,Foundry Foods,US,USD,mid,2023-11,
MER0048,Brook Trading,VN,VND,small,2023-11,2024-07
MER0049,Maple Supply,AU,AUD,small,2023-11,
MER0050,Quill Works,US,USD,mid,2023-11,
MER0051,Anchor Supply,VN,VND,mid,2023-11,
MER0052,Pennant Grocers,SG,SGD,small,2023-11,
MER0053,Orchard Trading,SG,SGD,small,2023-11,
MER0054,Northgate Mobility,FR,EUR,mid,2023-11,
MER0055,Orchard Studios,IE,EUR,enterprise,2023-11,
MER0056,Pennant Delivery,FR,EUR,small,2023-11,
MER0057,Riverbend Studios,US,USD,small,2023-11,
MER0058,Meridian Foods,SG,SGD,small,2023-11,
MER0059,Granite Health,CA,CAD,mid,2023-11,
MER0060,Brook Foods,FR,EUR,enterprise,2023-11,
MER0061,Dune Logistics,IE,EUR,small,2023-11,
MER0062,Copper Studios,NL,EUR,mid,2023-11,
MER0063,Kestrel Tickets,IE,EUR,mid,2023-11,
MER0064,Copper Works,FR,EUR,small,2023-11,
MER0065,Brook Markets,VN,VND,mid,2023-11,2024-06
MER0066,Riverbend Tickets,AU,AUD,small,2023-11,
MER0067,Pennant Retail,SG,SGD,enterprise,2023-11,
MER0068,Lantern Outfitters,SG,SGD,mid,2023-11,
MER0069,Fathom Trading,SG,SGD,small,2023-11,2024-08
MER0070,Anchor Works,AU,AUD,small,2023-11,
MER0071,Quill Trading,FR,EUR,enterprise,2023-11,
MER0072,Fathom Retail,AU,AUD,mid,2023-11,
MER0073,Foundry Rentals,FR,EUR,small,2023-11,
MER0074,Meridian Rentals,IE,EUR,enterprise,2023-11,
MER0075,Brook Outfitters,US,USD,mid,2023-11,
MER0076,Foundry Supply,NL,EUR,small,2023-11,
MER0077,Thistle Health,AU,AUD,small,2023-11,
MER0078,Cinder Supply,CA,CAD,mid,2023-11,
MER0079,Quill Rentals,SG,SGD,enterprise,2023-11,
MER0080,Cinder Tickets,US,USD,enterprise,2023-11,
MER0081,Maple Health,SG,SGD,mid,2023-11,
MER0082,Granite Supply,VN,VND,mid,2023-11,
MER0083,Harbour Outfitters,FR,EUR,mid,2023-11,
MER0084,Lantern Grocers,DE,EUR,mid,2023-11,
MER0085,Granite Grocers,NL,EUR,small,2023-11,
MER0086,Granite Studios,SG,SGD,small,2023-11,
MER0087,Thistle Studios,SG,SGD,enterprise,2023-11,
MER0088,Cinder Works,US,USD,small,2023-11,
MER0089,Cobalt Health,CA,CAD,small,2023-11,
MER0090,Harbour Delivery,FR,EUR,small,2023-11,
MER0091,Copper Retail,CA,CAD,small,2023-11,
MER0092,Meridian Supply,IE,EUR,small,2023-11,2025-04
MER0093,Alder Studios,SG,SGD,mid,2023-11,
MER0094,Alder Tickets,AU,AUD,mid,2023-11,
MER0095,Fathom Logistics,VN,VND,small,2023-11,
MER0096,Thistle Markets,CA,CAD,small,2023-11,
MER0097,Lantern Logistics,NL,EUR,small,2023-11,2025-09
MER0098,Harbour Mobility,VN,VND,enterprise,2023-11,
MER0099,Willow Retail,FR,EUR,mid,2023-11,
MER0100,Riverbend Mobility,AU,AUD,small,2023-11,
MER0101,Sable Trading,IE,EUR,mid,2023-11,2024-10
MER0102,Sable Grocers,AU,AUD,mid,2023-11,
MER0103,Cinder Foods,FR,EUR,small,2023-11,
MER0104,Northgate Delivery,GB,GBP,enterprise,2023-11,
MER0105,Maple Studios,CA,CAD,mid,2023-11,
MER0106,Verdant Supply,GB,GBP,small,2023-11,
MER0107,Northgate Foods,SG,SGD,small,2023-11,
MER0108,Riverbend Foods,DE,EUR,mid,2023-11,
MER0109,Quill Delivery,SG,SGD,small,2023-11,
MER0110,Pennant Supply,NL,EUR,small,2023-11,
MER0111,Meridian Mobility,SG,SGD,small,2023-11,
MER0112,Sable Outfitters,CA,CAD,enterprise,2023-11,
MER0113,Fathom Markets,AU,AUD,small,2023-11,
MER0114,Meridian Markets,AU,AUD,mid,2023-11,
MER0115,Fathom Foods,FR,EUR,enterprise,2023-11,
MER0116,Cinder Markets,US,USD,mid,2023-11,
MER0117,Verdant Logistics,US,USD,enterprise,2023-11,
MER0118,Alder Trading,US,USD,enterprise,2023-11,
MER0119,Cobalt Trading,DE,EUR,small,2023-11,
MER0120,Foundry Markets,FR,EUR,small,2023-11,
MER0121,Anchor Delivery,FR,EUR,small,2023-11,
MER0122,Willow Travel,DE,EUR,mid,2023-11,
MER0123,Foundry Studios,US,USD,small,2023-11,
MER0124,Thistle Delivery,DE,EUR,mid,2023-11,
MER0125,Harbour Health,CA,CAD,mid,2023-11,
MER0126,Lantern Health,AU,AUD,small,2023-11,
MER0127,Orchard Travel,SG,SGD,mid,2023-11,
MER0128,Sable Mobility,GB,GBP,mid,2023-11,2025-07
MER0129,Harbour Trading,US,USD,small,2023-11,
MER0130,Sable Tickets,FR,EUR,mid,2023-11,
MER0131,Dune Tickets,SG,SGD,enterprise,2023-11,
MER0132,Orchard Tickets,NL,EUR,small,2023-11,
MER0133,Fathom Grocers,CA,CAD,small,2023-11,
MER0134,Willow Works,IE,EUR,enterprise,2023-11,
MER0135,Pennant Foods,DE,EUR,small,2023-11,
MER0136,Anchor Grocers,IE,EUR,small,2023-11,
MER0137,Quill Grocers,SG,SGD,small,2023-11,
MER0138,Lantern Markets,AU,AUD,mid,2023-11,
MER0139,Copper Supply,AU,AUD,small,2023-11,
MER0140,Sable Health,IE,EUR,small,2023-11,
MER0141,Northgate Supply,US,USD,enterprise,2024-01,
MER0142,Dune Mobility,DE,EUR,mid,2024-01,
MER0143,Alder Supply,US,USD,small,2024-01,
MER0144,Anchor Mobility,IE,EUR,small,2024-01,
MER0145,Anchor Tickets,IE,EUR,enterprise,2024-02,
MER0146,Foundry Delivery,GB,GBP,mid,2024-02,
MER0147,Riverbend Trading,FR,EUR,mid,2024-02,2024-12
MER0148,Cinder Mobility,VN,VND,mid,2024-02,
MER0149,Granite Logistics,VN,VND,small,2024-02,
MER0150,Willow Studios,AU,AUD,small,2024-03,
MER0151,Riverbend Markets,SG,SGD,enterprise,2024-03,
MER0152,Willow Grocers,SG,SGD,small,2024-03,2025-03
MER0153,Meridian Logistics,VN,VND,mid,2024-03,2024-09
MER0154,Sable Foods,DE,EUR,small,2024-04,
MER0155,Copper Tickets,SG,SGD,enterprise,2024-04,
MER0156,Alder Logistics,FR,EUR,enterprise,2024-04,
MER0157,Maple Retail,GB,GBP,small,2024-04,
MER0158,Orchard Works,SG,SGD,small,2024-05,
MER0159,Pennant Tickets,GB,GBP,mid,2024-05,
MER0160,Alder Travel,DE,EUR,mid,2024-05,
MER0161,Cobalt Foods,SG,SGD,mid,2024-05,
MER0162,Northgate Outfitters,AU,AUD,small,2024-06,
MER0163,Riverbend Outfitters,NL,EUR,small,2024-06,
MER0164,Orchard Retail,CA,CAD,mid,2024-06,
MER0165,Pennant Logistics,NL,EUR,enterprise,2024-06,
MER0166,Maple Logistics,US,USD,small,2024-07,
MER0167,Harbour Grocers,NL,EUR,small,2024-07,
MER0168,Alder Health,AU,AUD,small,2024-07,
MER0169,Willow Health,SG,SGD,small,2024-08,
MER0170,Granite Retail,VN,VND,mid,2024-08,
MER0171,Sable Supply,US,USD,mid,2024-08,
MER0172,Cinder Health,DE,EUR,mid,2024-08,2024-11
MER0173,Alder Retail,CA,CAD,mid,2024-09,
MER0174,Orchard Grocers,US,USD,small,2024-09,
MER0175,Willow Logistics,AU,AUD,enterprise,2024-09,
MER0176,Meridian Trading,CA,CAD,enterprise,2024-09,
MER0177,Sable Rentals,US,USD,enterprise,2024-10,
MER0178,Northgate Logistics,DE,EUR,mid,2024-10,
MER0179,Maple Grocers,GB,GBP,mid,2024-10,
MER0180,Brook Tickets,FR,EUR,enterprise,2024-10,
MER0181,Cobalt Markets,US,USD,mid,2024-10,
MER0182,Orchard Logistics,US,USD,enterprise,2024-11,
MER0183,Meridian Grocers,VN,VND,enterprise,2024-11,
MER0184,Brook Studios,SG,SGD,enterprise,2024-11,
MER0185,Anchor Foods,AU,AUD,mid,2024-11,
MER0186,Brook Supply,CA,CAD,small,2024-11,
MER0187,Kestrel Outfitters,IE,EUR,mid,2024-12,
MER0188,Alder Rentals,CA,CAD,mid,2024-12,
MER0189,Fathom Outfitters,CA,CAD,mid,2024-12,
MER0190,Verdant Mobility,VN,VND,mid,2024-12,
MER0191,Verdant Foods,VN,VND,small,2025-01,
MER0192,Harbour Logistics,VN,VND,mid,2025-01,
MER0193,Verdant Grocers,NL,EUR,enterprise,2025-01,
MER0194,Quill Tickets,CA,CAD,mid,2025-01,
MER0195,Alder Grocers,CA,CAD,mid,2025-02,
MER0196,Fathom Mobility,DE,EUR,mid,2025-02,
MER0197,Willow Outfitters,CA,CAD,small,2025-02,
MER0198,Granite Mobility,US,USD,small,2025-02,2025-05
MER0199,Copper Delivery,NL,EUR,small,2025-02,
MER0200,Brook Retail,GB,GBP,mid,2025-03,
MER0201,Thistle Tickets,AU,AUD,enterprise,2025-03,
MER0202,Lantern Foods,GB,GBP,small,2025-03,
MER0203,Brook Health,DE,EUR,small,2025-03,
MER0204,Pennant Outfitters,VN,VND,small,2025-03,
MER0205,Anchor Travel,AU,AUD,small,2025-04,
MER0206,Thistle Grocers,IE,EUR,enterprise,2025-04,
MER0207,Meridian Tickets,SG,SGD,mid,2025-04,
MER0208,Anchor Trading,VN,VND,mid,2025-04,
MER0209,Kestrel Studios,DE,EUR,small,2025-05,2025-08
MER0210,Anchor Rentals,GB,GBP,mid,2025-05,
MER0211,Dune Outfitters,DE,EUR,mid,2025-05,
MER0212,Orchard Foods,VN,VND,small,2025-05,
MER0213,Dune Health,AU,AUD,mid,2025-06,
MER0214,Sable Delivery,AU,AUD,mid,2025-06,
MER0215,Kestrel Supply,NL,EUR,mid,2025-06,
MER0216,Foundry Retail,NL,EUR,small,2025-06,
MER0217,Northgate Retail,US,USD,mid,2025-06,
MER0218,Riverbend Grocers,AU,AUD,small,2025-07,
MER0219,Meridian Works,NL,EUR,small,2025-07,
MER0220,Cinder Retail,AU,AUD,mid,2025-07,
MER0221,Dune Studios,NL,EUR,mid,2025-07,
MER0222,Dune Grocers,GB,GBP,mid,2025-08,
MER0223,Maple Mobility,NL,EUR,small,2025-08,
MER0224,Brook Works,GB,GBP,mid,2025-08,
MER0225,Dune Works,AU,AUD,mid,2025-08,
MER0226,Harbour Tickets,FR,EUR,enterprise,2025-08,
MER0227,Cinder Studios,SG,SGD,mid,2025-09,
MER0228,Harbour Retail,FR,EUR,mid,2025-09,
MER0229,Lantern Delivery,NL,EUR,small,2025-09,
MER0230,Anchor Logistics,DE,EUR,mid,2025-09,
MER0231,Kestrel Logistics,DE,EUR,enterprise,2025-10,
MER0232,Verdant Outfitters,GB,GBP,small,2025-10,
MER0233,Foundry Tickets,AU,AUD,mid,2025-10,
MER0234,Pennant Mobility,CA,CAD,small,2025-10,
MER0235,Foundry Health,FR,EUR,mid,2025-10,
