month,payment_volume,take_rate,xborder_share,fx_markup,scheme_cost_rate,merchants,heads_engineering,heads_sales,heads_marketing,heads_support,heads_g_and_a
2025-01,256080866.73,0.00620,0.18,0.00350,0.00330,194,43,18,7,21,12
2025-02,279261689.79,0.00620,0.18,0.00350,0.00330,199,47,18,7,23,12
2025-03,309239411.57,0.00620,0.18,0.00350,0.00330,204,47,18,8,23,12
2025-04,310080379.82,0.00620,0.18,0.00350,0.00330,208,47,18,8,24,12
2025-05,327891022.57,0.00620,0.18,0.00350,0.00330,212,47,18,8,24,13
2025-06,333735568.09,0.00620,0.18,0.00350,0.00330,217,50,18,8,24,13
2025-07,330853517.52,0.00620,0.18,0.00350,0.00330,221,50,20,8,24,13
2025-08,335348310.19,0.00620,0.18,0.00350,0.00330,226,50,20,8,27,13
2025-09,354224933.79,0.00620,0.18,0.00350,0.00330,230,50,20,8,27,13
2025-10,373675269.16,0.00620,0.18,0.00350,0.00330,235,50,20,8,27,13
2025-11,425768714.86,0.00620,0.18,0.00350,0.00330,235,50,20,8,27,13
2025-12,446114789.77,0.00620,0.18,0.00350,0.00330,235,50,20,8,27,13
