month,payment_volume,revenue_transaction,revenue_subscription,revenue_fx,revenue_total,cogs_scheme,cogs_hosting,cogs_total,gross_profit,payroll,marketing,other_opex,opex_total,ebitda,depreciation,ebit,interest,tax,net_income,cash,accounts_receivable,ppe_net,accounts_payable,debt,paid_in_capital,retained_earnings
2024-01,204865886.65,1188222.14,486000.00,129065.51,1803287.65,676057.43,85000.00,761057.43,1042230.22,839900.00,180000.00,148000.00,1167900.00,-125669.78,72850.00,-198519.78,47500.00,0.00,-246019.78,11808202.17,2254109.56,3147150.00,2030481.51,5875000.00,22000000.00,-12696019.78
2024-02,221839501.31,1286669.11,505800.00,139758.89,1932228.00,732070.35,86530.00,818600.35,1113627.65,839900.00,180000.00,148000.00,1167900.00,-54272.35,73958.02,-128230.37,46510.42,0.00,-174740.79,11361815.45,2415285.00,3193191.98,2091053.00,5750000.00,22000000.00,-12870760.57
2024-03,245930420.22,1426396.44,520200.00,154936.16,2101532.60,811570.39,88087.54,899657.93,1201874.67,839900.00,180000.00,148000.00,1167900.00,33974.67,75040.01,-41065.34,45520.83,0.00,-86586.17,10978962.31,2626915.75,3238151.97,2176376.77,5625000.00,22000000.00,-12957346.74
2024-04,243118584.87,1410087.79,538200.00,153164.71,2101452.50,802291.33,89673.12,891964.45,1209488.05,863500.00,180000.00,148000.00,1191500.00,17988.05,76096.57,-58108.52,44531.25,0.00,-102639.77,10724262.94,2626815.62,3282055.40,2193120.47,5500000.00,22000000.00,-13059986.51
2024-05,260435484.63,1510525.81,550800.00,164074.36,2225400.17,859437.10,91287.23,950724.33,1274675.84,874700.00,180000.00,148000.00,1202700.00,71975.84,77128.30,-5152.46,43541.67,0.00,-48694.13,10426404.50,2781750.21,3324927.10,2266762.45,5375000.00,22000000.00,-13108680.64
2024-06,268447688.21,1556996.59,561600.00,169122.04,2287718.63,885877.37,92930.40,978807.77,1308910.86,893500.00,180000.00,148000.00,1221500.00,87410.86,78135.79,9275.07,42552.08,0.00,-33277.01,10197716.19,2859648.29,3366791.31,2316113.44,5250000.00,22000000.00,-13141957.65
2024-07,265135232.82,1537784.35,565200.00,167035.20,2270019.55,874946.27,94603.15,969549.42,1300470.13,893500.00,180000.00,148000.00,1221500.00,78970.13,79119.60,-149.47,41562.50,0.00,-41711.97,10002502.04,2837524.44,3407671.71,2306367.81,5125000.00,22000000.00,-13183669.62
2024-08,266405111.98,1545149.65,576000.00,167835.22,2288984.87,879136.87,96306.01,975442.88,1313541.99,902400.00,180000.00,148000.00,1230400.00,83141.99,80080.29,3061.70,40572.92,0.00,-37511.22,9791936.52,2861231.09,3447591.42,2321939.87,5000000.00,22000000.00,-13221180.84
2024-09,289276805.36,1677805.47,592200.00,182244.39,2452249.86,954613.46,98039.51,1052652.97,1399596.89,937800.00,180000.00,148000.00,1265800.00,133796.89,81018.40,52778.49,39583.33,2770.98,10424.18,9552834.81,3065312.32,3486573.02,2440476.81,4875000.00,22000000.00,-13210756.66
2024-10,310027416.22,1798159.01,613800.00,195317.27,2607276.28,1023090.47,99804.23,1122894.70,1484381.58,946900.00,180000.00,148000.00,1274900.00,209481.58,81934.47,127547.11,38593.75,18680.21,70273.15,9349777.01,3259095.35,3524638.55,2523994.42,4750000.00,22000000.00,-13140483.51
2024-11,350338117.23,2031961.08,637200.00,220713.01,2889874.09,1156115.79,101600.70,1257716.49,1632157.60,946900.00,180000.00,148000.00,1274900.00,357257.60,82829.01,274428.59,37604.17,49733.13,187091.29,9163367.72,3612342.61,3561809.54,2665912.09,4625000.00,22000000.00,-12953392.22
2024-12,368608844.69,2137931.30,648000.00,232223.57,3018154.87,1216409.19,103429.51,1319838.70,1698316.17,946900.00,180000.00,148000.00,1274900.00,423416.17,83702.52,339713.65,36614.58,63650.80,239448.27,9146559.33,3772693.59,3598107.02,2731303.89,4500000.00,22000000.00,-12713943.95
2025-01,275788054.04,1599570.71,660600.00,173746.47,2433917.18,910100.58,105291.25,1015391.83,1418525.35,965700.00,180000.00,156880.00,1302580.00,115945.35,84555.51,31389.84,35625.00,0.00,-4235.16,9420843.25,3042396.48,3633551.51,2439970.35,4375000.00,22000000.00,-12718179.11
2025-02,304104384.12,1763805.43,671400.00,191585.76,2626791.19,1003544.47,107186.49,1110730.96,1516060.23,1012900.00,180000.00,156880.00,1349780.00,166280.23,85388.46,80891.77,34635.42,9713.83,36542.52,9206722.91,3283488.99,3668163.05,2590011.54,4250000.00,22000000.00,-12681636.59
2025-03,335574617.40,1946332.78,685800.00,211412.01,2843544.79,1107396.24,109115.84,1216512.08,1627032.71,1021800.00,180000.00,156880.00,1358680.00,268352.71,86201.83,182150.88,33645.83,31186.06,117318.99,9015018.70,3554430.99,3701961.22,2710728.51,4125000.00,22000000.00,-12564317.60
2025-04,338378369.93,1962594.55,700200.00,213178.37,2875972.92,1116648.62,111079.93,1227728.55,1648244.37,1027400.00,180000.00,156880.00,1364280.00,283964.37,86996.09,196968.28,32656.25,34505.53,129806.50,8963987.67,3594966.15,3734965.13,2728430.05,4000000.00,22000000.00,-12434511.10
2025-05,353261218.01,2048915.06,709200.00,222554.57,2980669.63,1165762.02,113079.37,1278841.39,1701828.24,1036500.00,180000.00,156880.00,1373380.00,328448.24,87771.68,240676.56,31666.67,43892.08,165117.81,8904388.21,3725837.04,3767193.45,2791811.99,3875000.00,22000000.00,-12269393.29
2025-06,357066524.64,2070985.84,721800.00,224951.91,3017737.75,1178319.53,115114.80,1293434.33,1724303.42,1071900.00,180000.00,156880.00,1408780.00,315523.42,88529.05,226994.37,30677.08,41226.63,155090.66,8909296.92,3772172.19,3798664.40,2844436.14,3750000.00,22000000.00,-12114302.63
2025-07,360972108.56,2093638.23,729000.00,227412.43,3050050.66,1191207.96,117186.86,1308394.82,1741655.84,1090700.00,180000.00,156880.00,1427580.00,314075.84,89268.61,224807.23,29687.50,40975.14,154144.59,8902856.34,3812563.32,3829395.79,2879973.49,3625000.00,22000000.00,-11960158.04
2025-08,366935532.58,2128226.09,747000.00,231169.39,3106395.48,1065887.26,119296.23,1185183.49,1921211.99,1090700.00,180000.00,156880.00,1427580.00,493631.99,89990.80,403641.19,28697.92,78738.09,296205.18,8843925.16,3882994.35,3859404.99,2750277.36,3500000.00,22000000.00,-11663952.86
2025-09,404860085.15,2348188.49,757800.00,255061.85,3361050.34,1336038.28,121443.56,1457481.84,1903568.50,1090700.00,390000.00,156880.00,1637580.00,265988.50,90696.02,175292.48,27708.33,30992.67,116591.48,8995576.56,4201312.92,3888708.97,3257959.83,3375000.00,22000000.00,-11547361.38
