date,TECHX,BANKCO,GOLDF,CRYPTOZ
2022-09-01,100.0,55.0,180.0,240.0
2022-09-02,101.53,54.99,180.99,235.36
2022-09-05,102.01,54.52,180.51,242.29
2022-09-06,103.13,54.4,180.95,236.69
2022-09-07,104.3,56.02,181.8,248.33
2022-09-08,103.31,55.83,183.0,242.27
2022-09-09,103.04,54.78,184.31,243.02
2022-09-12,102.9,55.1,185.59,249.06
2022-09-13,107.92,56.61,186.58,261.61
2022-09-14,105.44,56.29,187.75,241.11
2022-09-15,106.61,57.18,190.47,245.97
2022-09-16,105.58,56.87,192.08,256.52
2022-09-19,104.11,56.91,188.72,247.15
2022-09-20,102.31,55.71,188.63,256.9
2022-09-21,102.4,55.28,190.38,258.59
2022-09-22,99.95,54.08,188.47,249.37
2022-09-23,98.11,53.38,190.82,231.79
2022-09-26,99.98,54.26,190.83,240.21
2022-09-27,100.3,53.81,192.32,248.36
2022-09-28,100.06,53.87,193.37,236.91
2022-09-29,97.65,52.43,195.71,211.66
2022-09-30,96.22,52.57,196.16,212.51
2022-10-03,99.95,53.22,196.29,235.66
2022-10-04,97.46,52.57,193.55,216.84
2022-10-05,94.07,51.35,192.06,218.14
2022-10-06,95.44,51.51,191.79,227.17
2022-10-07,96.99,51.99,192.96,246.41
2022-10-10,98.65,51.38,190.89,230.61
2022-10-11,98.42,51.13,189.54,240.3
2022-10-12,101.08,51.32,190.85,232.64
2022-10-13,101.44,50.38,191.38,235.55
2022-10-14,103.76,51.07,192.11,265.45
2022-10-17,105.17,50.69,195.35,269.13
2022-10-18,104.09,50.54,195.98,276.11
2022-10-19,108.58,51.88,194.95,273.23
2022-10-20,112.56,52.93,193.65,293.34
2022-10-21,113.67,53.48,193.66,310.41
2022-10-24,114.86,52.99,194.03,298.27
2022-10-25,118.55,53.83,191.92,327.23
2022-10-26,119.37,53.61,193.67,341.39
2022-10-27,118.57,53.69,196.39,337.16
2022-10-28,117.59,53.99,195.33,345.22
2022-10-31,123.54,54.39,198.78,340.88
2022-11-01,123.62,54.63,200.09,336.36
2022-11-02,126.64,55.67,199.03,354.97
2022-11-03,128.43,56.38,199.55,365.51
2022-11-04,131.5,56.86,201.18,371.9
2022-11-07,133.27,57.45,202.92,378.48
2022-11-08,130.9,56.43,203.66,371.92
2022-11-09,128.32,56.55,201.89,356.27
2022-11-10,129.16,56.9,202.78,359.15
2022-11-11,127.77,57.44,203.9,359.32
2022-11-14,124.51,57.98,206.1,338.07
2022-11-15,119.58,57.25,206.89,332.65
2022-11-16,116.11,57.91,208.26,338.31
2022-11-17,120.51,58.87,205.32,388.25
2022-11-18,120.28,58.48,205.01,390.26
2022-11-21,119.59,58.41,206.65,383.63
2022-11-22,116.52,57.79,207.54,405.48
2022-11-23,116.02,57.85,207.28,379.14
2022-11-24,113.54,56.65,208.9,367.39
2022-11-25,110.44,55.76,210.31,348.3
2022-11-28,109.39,54.88,211.64,321.2
2022-11-29,112.59,56.28,211.63,338.69
2022-11-30,112.24,56.12,208.97,337.81
2022-12-01,113.54,56.08,209.04,343.05
2022-12-02,111.02,56.45,211.31,334.03
2022-12-05,108.33,56.3,210.16,325.89
2022-12-06,110.02,55.42,211.77,336.21
2022-12-07,110.36,55.18,211.42,360.29
2022-12-08,110.36,54.8,213.28,350.74
2022-12-09,113.35,54.36,214.44,359.44
2022-12-12,116.22,54.98,215.24,382.23
2022-12-13,114.17,54.54,215.28,373.13
2022-12-14,113.47,54.02,212.49,389.32
2022-12-15,115.62,54.52,215.03,400.25
2022-12-16,114.32,53.98,212.49,408.43
2022-12-19,112.5,53.68,213.38,397.6
2022-12-20,111.58,53.75,210.29,394.37
2022-12-21,111.15,54.41,207.98,392.69
2022-12-22,113.44,54.85,209.94,390.98
2022-12-23,113.9,54.85,209.03,401.68
2022-12-26,115.22,55.19,206.98,398.6
2022-12-27,113.23,54.73,207.67,391.31
2022-12-28,116.36,56.15,209.65,416.65
2022-12-29,117.48,57.36,211.67,426.54
2022-12-30,119.85,56.82,210.9,392.33
2023-01-02,121.28,56.7,208.97,368.98
2023-01-03,118.22,56.22,207.89,396.97
2023-01-04,121.6,55.79,207.93,418.31
2023-01-05,124.24,56.88,208.55,452.77
2023-01-06,121.71,57.43,208.37,477.1
2023-01-09,126.39,58.52,212.48,526.29
2023-01-10,127.23,58.18,209.97,514.47
2023-01-11,124.89,58.59,208.5,493.72
2023-01-12,126.6,58.56,205.5,477.56
2023-01-13,127.43,58.04,205.42,477.98
2023-01-16,127.17,56.87,207.41,487.75
2023-01-17,128.49,57.37,209.5,454.88
2023-01-18,130.71,57.15,205.91,476.28
2023-01-19,131.37,56.98,207.61,487.8
2023-01-20,129.65,57.32,212.45,498.79
2023-01-23,127.17,56.62,214.4,493.91
2023-01-24,127.8,56.04,212.04,499.2
2023-01-25,127.08,56.26,214.53,487.12
2023-01-26,130.37,56.48,216.99,471.94
2023-01-27,135.04,57.2,217.97,530.25
2023-01-30,137.41,57.39,217.4,537.7
2023-01-31,135.59,55.2,217.19,546.31
2023-02-01,134.16,54.09,216.44,523.27
2023-02-02,131.28,54.07,215.76,501.25
2023-02-03,135.06,54.31,215.42,526.17
2023-02-06,136.71,54.63,215.19,494.61
2023-02-07,137.01,55.13,213.58,496.42
2023-02-08,133.01,55.25,213.93,485.42
2023-02-09,133.58,54.28,213.99,467.19
2023-02-10,135.38,55.94,214.97,479.44
2023-02-13,137.69,55.56,214.36,491.85
2023-02-14,136.41,55.64,213.58,488.02
2023-02-15,138.62,55.58,215.0,503.35
2023-02-16,141.3,56.58,214.75,496.77
2023-02-17,138.48,56.33,216.9,485.13
2023-02-20,139.31,56.57,217.89,497.64
2023-02-21,136.6,56.28,218.35,470.82
2023-02-22,139.48,57.33,218.83,444.49
2023-02-23,139.43,56.48,220.4,416.09
2023-02-24,146.68,57.81,223.27,446.37
2023-02-27,146.53,58.2,224.51,454.64
2023-02-28,143.62,58.07,224.37,435.0
2023-03-01,144.76,57.87,221.72,450.77
2023-03-02,141.9,57.53,224.71,447.44
2023-03-03,143.78,58.06,226.47,454.72
2023-03-06,141.53,57.48,225.1,466.96
2023-03-07,140.43,57.9,224.56,459.18
2023-03-08,142.0,56.99,224.09,467.27
2023-03-09,140.03,56.77,221.2,484.63
2023-03-10,139.12,57.25,220.24,475.36
2023-03-13,136.85,56.65,218.13,473.35
2023-03-14,139.77,57.61,218.26,540.17
2023-03-15,146.99,57.65,220.66,592.82
2023-03-16,147.61,57.47,219.04,612.97
2023-03-17,151.29,59.32,219.48,676.69
2023-03-20,146.8,58.45,215.63,594.48
2023-03-21,143.52,57.68,214.63,565.63
2023-03-22,150.77,58.74,216.44,593.05
2023-03-23,156.21,59.39,219.21,638.87
2023-03-24,160.02,60.18,220.51,627.61
2023-03-27,158.2,60.12,220.11,614.22
2023-03-28,159.76,60.67,221.19,597.29
2023-03-29,158.79,60.47,220.81,594.42
2023-03-30,161.74,60.86,221.8,594.47
2023-03-31,159.51,61.23,224.45,563.02
2023-04-03,158.91,61.06,222.93,557.67
2023-04-04,159.29,62.08,222.26,560.13
2023-04-05,159.73,61.81,220.84,568.15
2023-04-06,166.45,62.92,223.2,645.09
2023-04-07,170.15,62.41,223.08,662.45
2023-04-10,167.42,61.08,225.02,651.66
2023-04-11,168.58,61.41,225.21,698.61
2023-04-12,170.05,60.49,225.85,672.18
2023-04-13,169.11,61.14,225.5,698.73
2023-04-14,169.7,61.37,226.43,718.37
2023-04-17,171.11,61.57,225.79,760.6
2023-04-18,168.27,60.92,224.12,741.84
2023-04-19,164.74,61.0,222.05,689.3
2023-04-20,164.44,60.94,220.12,669.48
2023-04-21,166.8,61.14,218.74,692.85
2023-04-24,164.19,60.93,218.76,697.35
2023-04-25,171.76,62.86,222.44,740.74
2023-04-26,167.81,62.45,218.9,714.29
2023-04-27,170.41,62.99,221.57,759.78
2023-04-28,169.65,62.82,220.88,756.21
2023-05-01,170.5,62.89,220.72,778.57
2023-05-02,168.6,62.8,222.04,787.35
2023-05-03,168.5,63.49,223.16,824.1
2023-05-04,172.38,64.49,223.07,867.71
2023-05-05,173.7,64.72,222.64,863.31
2023-05-08,174.09,64.24,223.54,940.42
2023-05-09,172.08,63.18,221.79,898.36
2023-05-10,175.53,63.77,220.51,920.3
2023-05-11,173.28,62.42,223.78,947.63
2023-05-12,171.18,62.67,224.59,939.5
2023-05-15,172.86,62.93,221.95,927.5
2023-05-16,167.02,61.66,221.63,888.47
2023-05-17,165.16,62.04,218.37,891.5
2023-05-18,170.4,62.93,219.5,908.18
2023-05-19,170.08,63.54,220.58,921.7
2023-05-22,166.33,63.7,218.23,935.79
2023-05-23,166.11,63.92,216.79,901.09
2023-05-24,162.83,63.4,214.92,861.54
2023-05-25,167.41,63.57,214.33,910.02
2023-05-26,168.82,65.12,214.46,980.62
2023-05-29,172.45,66.69,213.54,1033.38
2023-05-30,172.82,66.97,211.37,1104.57
2023-05-31,177.14,66.65,210.39,1130.16
2023-06-01,179.37,66.9,209.63,1148.34
2023-06-02,184.81,68.14,212.38,1257.32
2023-06-05,188.51,69.16,210.84,1376.94
2023-06-06,187.22,68.8,210.69,1273.14
2023-06-07,180.61,67.95,209.71,1212.69
2023-06-08,181.25,67.78,209.37,1167.63
2023-06-09,176.99,67.06,210.08,1107.77
2023-06-12,177.85,68.19,210.51,1117.07
2023-06-13,179.32,68.71,209.87,1072.82
2023-06-14,175.54,69.59,210.68,1047.5
2023-06-15,180.15,70.78,209.53,1039.61
2023-06-16,178.57,71.21,208.13,1001.43
2023-06-19,179.08,70.26,205.52,1006.74
2023-06-20,174.17,69.69,208.05,1014.8
2023-06-21,175.79,68.73,210.84,1001.34
2023-06-22,177.98,69.21,209.59,1000.15
2023-06-23,179.91,70.08,213.04,984.19
2023-06-26,182.22,69.7,210.56,1000.54
2023-06-27,183.44,71.14,213.41,1047.41
2023-06-28,194.26,72.47,214.2,1087.71
2023-06-29,194.4,72.18,213.71,1036.42
2023-06-30,195.86,72.63,212.03,1039.54
2023-07-03,194.69,71.08,209.86,950.97
2023-07-04,195.11,71.73,208.26,910.02
2023-07-05,195.95,72.21,210.48,958.35
2023-07-06,207.14,74.31,210.78,1066.08
2023-07-07,205.21,73.64,212.21,1037.93
2023-07-10,217.74,75.6,212.6,1225.67
2023-07-11,219.88,75.78,212.7,1199.89
2023-07-12,221.23,75.55,215.3,1253.4
2023-07-13,223.8,75.85,214.8,1255.66
2023-07-14,219.95,76.18,216.02,1197.18
2023-07-17,215.81,76.64,216.46,1152.38
2023-07-18,219.29,76.77,216.32,1199.13
2023-07-19,221.37,77.68,217.74,1180.06
2023-07-20,220.32,77.85,217.71,1193.58
2023-07-21,212.09,77.29,218.56,1134.57
2023-07-24,212.76,76.72,218.22,1071.41
2023-07-25,219.44,77.78,219.9,1113.86
2023-07-26,217.82,77.1,222.27,1094.59
2023-07-27,214.87,74.94,220.84,1072.87
2023-07-28,216.1,74.82,222.72,1179.22
2023-07-31,216.24,74.96,222.68,1203.08
2023-08-01,219.67,74.86,228.79,1154.02
2023-08-02,207.96,74.93,227.0,1086.31
2023-08-03,210.22,75.3,227.11,1064.86
2023-08-04,207.14,75.48,225.42,1018.05
2023-08-07,202.1,75.82,228.49,1013.82
2023-08-08,196.44,74.88,228.55,1005.7
2023-08-09,202.74,74.59,231.18,992.14
2023-08-10,198.43,73.85,233.9,974.82
2023-08-11,202.47,74.13,236.48,978.25
2023-08-14,195.26,72.5,235.52,936.19
2023-08-15,189.74,70.45,232.52,879.94
2023-08-16,192.85,71.16,233.91,928.34
2023-08-17,195.83,70.48,232.47,933.75
2023-08-18,196.5,71.01,230.59,978.97
2023-08-21,198.3,71.15,231.07,957.33
2023-08-22,196.77,71.54,233.27,982.41
2023-08-23,195.94,70.99,236.14,943.03
2023-08-24,199.25,70.6,235.1,918.44
2023-08-25,202.03,72.46,239.75,972.7
2023-08-28,209.56,73.06,240.28,1056.59
2023-08-29,214.63,73.22,240.61,1059.24
2023-08-30,220.18,72.97,239.87,1105.59
2023-08-31,220.14,73.67,238.5,1138.58
2023-09-01,217.35,72.53,236.59,1014.08
2023-09-04,222.54,71.89,234.59,1030.62
2023-09-05,228.07,73.11,232.21,1087.89
2023-09-06,229.82,74.2,235.47,1069.24
2023-09-07,233.18,73.82,236.99,1060.09
2023-09-08,232.65,74.79,236.22,1078.22
2023-09-11,229.54,72.6,230.82,1022.6
2023-09-12,238.09,73.73,231.54,1079.15
2023-09-13,243.29,74.68,232.48,1125.51
2023-09-14,247.38,75.68,229.75,1119.31
2023-09-15,243.51,75.31,230.31,1053.68
2023-09-18,240.29,74.71,227.38,1072.51
2023-09-19,235.8,75.67,227.0,1137.09
2023-09-20,234.84,75.33,222.23,1071.13
2023-09-21,243.8,76.27,219.34,1027.1
2023-09-22,250.33,78.04,218.32,1070.73
2023-09-25,252.67,77.72,217.04,1091.28
2023-09-26,250.08,78.01,215.97,1107.18
2023-09-27,250.1,77.63,211.91,1213.29
2023-09-28,238.32,75.29,212.01,1116.74
2023-09-29,242.2,75.35,210.11,1084.67
2023-10-02,244.92,75.99,209.77,1130.34
2023-10-03,249.49,77.84,210.77,1174.52
2023-10-04,257.73,79.03,210.28,1234.19
2023-10-05,252.46,78.41,211.34,1158.15
2023-10-06,256.15,77.73,214.08,1086.12
2023-10-09,258.04,78.16,214.93,1064.96
2023-10-10,256.15,77.72,217.08,1131.71
2023-10-11,263.41,77.48,218.65,1140.84
2023-10-12,258.73,76.48,217.64,1024.64
2023-10-13,266.51,78.12,217.94,1128.81
2023-10-16,260.39,78.92,215.99,1161.95
2023-10-17,260.75,78.68,215.91,1179.17
2023-10-18,259.63,79.16,216.29,1222.37
2023-10-19,253.85,77.26,218.5,1202.92
2023-10-20,252.27,77.5,219.72,1205.04
2023-10-23,247.01,76.06,219.65,1165.98
2023-10-24,248.54,76.22,223.34,1163.58
2023-10-25,251.76,75.58,223.44,1203.82
2023-10-26,249.91,75.44,223.58,1292.31
2023-10-27,245.52,74.6,222.91,1226.68
2023-10-30,247.2,76.38,223.89,1244.77
2023-10-31,249.8,76.17,221.01,1301.5
2023-11-01,254.29,75.85,223.04,1325.88
2023-11-02,258.13,77.07,221.94,1394.75
2023-11-03,261.13,78.12,221.84,1450.16
2023-11-06,248.05,76.99,220.53,1345.19
2023-11-07,251.34,77.06,225.3,1284.21
2023-11-08,249.83,75.79,229.77,1307.56
2023-11-09,258.07,73.82,235.34,1389.69
2023-11-10,264.74,74.07,234.21,1410.69
2023-11-13,264.99,73.8,233.32,1429.41
2023-11-14,261.25,72.58,231.47,1349.05
2023-11-15,263.27,74.06,233.32,1428.58
2023-11-16,265.28,73.51,232.52,1420.72
2023-11-17,273.44,73.23,232.14,1439.5
2023-11-20,270.82,74.39,231.19,1416.5
2023-11-21,263.38,74.58,228.55,1373.45
2023-11-22,259.46,75.08,227.13,1441.3
2023-11-23,264.54,76.07,225.23,1507.53
2023-11-24,264.38,76.95,222.75,1430.07
2023-11-27,272.62,77.91,223.67,1552.79
2023-11-28,271.18,79.05,225.73,1505.0
2023-11-29,269.54,79.48,227.07,1584.59
2023-11-30,265.07,80.5,226.56,1531.8
2023-12-01,259.14,79.6,224.73,1471.5
2023-12-04,261.58,79.65,224.48,1424.48
2023-12-05,255.2,79.78,224.54,1457.16
2023-12-06,259.24,80.21,225.66,1496.85
2023-12-07,264.68,80.71,224.78,1523.07
2023-12-08,264.74,79.87,225.88,1526.91
2023-12-11,269.92,79.2,226.96,1545.95
2023-12-12,277.43,78.24,225.75,1658.83
2023-12-13,279.74,78.69,221.8,1675.55
2023-12-14,284.05,80.52,222.12,1765.12
2023-12-15,287.15,78.78,221.76,1828.82
2023-12-18,271.62,78.19,222.64,1654.18
2023-12-19,268.31,77.96,224.81,1575.53
2023-12-20,262.45,78.17,226.29,1592.08
2023-12-21,252.91,76.6,226.23,1562.17
2023-12-22,254.06,76.82,226.93,1551.62
2023-12-25,258.97,77.37,227.31,1519.36
2023-12-26,261.12,76.7,229.68,1591.98
2023-12-27,257.83,76.26,228.73,1662.99
2023-12-28,266.48,76.19,225.68,1689.81
2023-12-29,270.01,77.12,222.2,1719.34
2024-01-01,259.19,76.33,223.18,1700.2
2024-01-02,261.95,75.75,224.47,1612.87
2024-01-03,264.63,76.29,222.39,1537.44
2024-01-04,266.66,76.18,220.85,1576.76
2024-01-05,268.01,76.74,220.47,1573.59
2024-01-08,268.05,77.15,219.85,1615.08
2024-01-09,273.36,77.25,218.93,1671.53
2024-01-10,273.39,77.22,216.63,1596.52
2024-01-11,270.63,77.94,215.92,1615.31
2024-01-12,274.18,78.21,219.06,1598.7
2024-01-15,270.11,77.67,221.53,1517.42
2024-01-16,258.84,75.51,218.7,1400.5
2024-01-17,257.19,75.63,218.91,1462.64
2024-01-18,261.55,75.86,223.94,1464.48
2024-01-19,249.98,76.34,221.4,1348.07
2024-01-22,255.96,76.96,222.82,1425.94
2024-01-23,245.5,76.13,222.89,1418.77
2024-01-24,253.36,75.62,224.02,1506.35
2024-01-25,263.8,75.75,224.93,1494.0
2024-01-26,267.37,75.62,226.1,1575.67
2024-01-29,264.29,76.37,224.74,1641.23
2024-01-30,266.34,76.84,227.96,1691.82
2024-01-31,271.7,77.86,230.26,1747.14
2024-02-01,266.67,76.42,225.67,1694.23
2024-02-02,264.63,76.12,225.39,1647.85
2024-02-05,269.29,78.25,223.53,1705.15
2024-02-06,266.76,77.56,220.46,1646.11
2024-02-07,261.99,76.92,221.09,1680.84
2024-02-08,264.4,78.0,223.79,1708.85
2024-02-09,261.71,78.43,222.88,1766.57
2024-02-12,265.97,79.36,223.21,1731.12
2024-02-13,269.11,80.81,225.34,1768.13
2024-02-14,265.06,79.79,227.85,1811.01
2024-02-15,269.94,80.29,227.76,1871.42
2024-02-16,267.73,79.46,225.88,1833.67
2024-02-19,272.86,79.61,225.85,1836.67
2024-02-20,273.37,80.05,226.21,1807.85
2024-02-21,273.25,81.55,227.08,1816.0
2024-02-22,265.45,80.08,227.17,1757.55
2024-02-23,262.06,78.69,228.33,1844.72
2024-02-26,263.79,77.97,226.36,1856.17
2024-02-27,259.59,76.37,223.53,1682.48
2024-02-28,253.02,74.76,222.92,1582.01
2024-02-29,249.84,74.54,223.6,1571.21
2024-03-01,261.68,76.86,223.11,1658.0
2024-03-04,267.29,76.9,225.23,1686.29
2024-03-05,264.17,76.1,223.38,1643.68
2024-03-06,266.6,76.66,222.2,1537.65
2024-03-07,261.4,77.3,223.15,1604.08
2024-03-08,256.57,77.12,223.7,1585.4
2024-03-11,261.18,77.12,226.23,1712.75
2024-03-12,260.12,76.88,230.25,1769.13
2024-03-13,257.99,77.44,229.22,1811.61
2024-03-14,253.3,76.27,232.79,1685.86
2024-03-15,251.93,76.71,233.48,1607.27
2024-03-18,261.71,77.57,232.12,1645.3
2024-03-19,260.67,77.34,230.89,1580.3
2024-03-20,265.81,77.23,231.22,1662.66
2024-03-21,262.56,76.9,233.89,1626.7
2024-03-22,257.23,76.49,233.17,1657.83
2024-03-25,248.1,75.16,228.54,1527.77
2024-03-26,250.3,74.89,228.33,1510.88
2024-03-27,245.73,75.83,227.78,1560.53
2024-03-28,246.87,74.39,223.34,1511.31
2024-03-29,245.63,75.26,225.82,1490.18
2024-04-01,242.16,76.36,228.06,1435.37
2024-04-02,246.08,75.74,230.73,1418.76
2024-04-03,239.25,74.13,229.61,1370.18
2024-04-04,244.9,74.7,228.71,1332.85
2024-04-05,242.62,73.09,227.27,1263.64
2024-04-08,230.85,71.98,228.69,1170.22
2024-04-09,232.52,72.46,229.65,1151.83
2024-04-10,226.34,71.87,229.81,1097.71
2024-04-11,224.84,71.72,230.42,1135.2
2024-04-12,216.43,69.09,230.87,1057.92
2024-04-15,213.73,68.81,228.69,1017.67
2024-04-16,217.19,69.92,231.33,1065.12
2024-04-17,215.55,67.9,228.47,952.12
2024-04-18,213.2,67.72,230.95,1040.45
2024-04-19,217.6,68.53,232.85,1164.52
2024-04-22,220.21,69.15,234.68,1232.2
2024-04-23,217.5,68.34,234.83,1199.98
2024-04-24,217.24,68.07,236.18,1204.51
2024-04-25,222.75,68.22,237.16,1334.09
2024-04-26,217.5,67.06,236.94,1275.72
2024-04-29,217.09,67.64,236.27,1192.63
2024-04-30,215.7,67.01,235.15,1133.22
2024-05-01,215.57,66.76,234.28,1045.99
2024-05-02,219.84,66.54,234.0,1058.35
2024-05-03,220.58,66.13,232.32,1111.16
2024-05-06,222.25,66.41,230.68,1079.98
2024-05-07,227.74,66.75,231.33,1111.05
2024-05-08,225.26,65.5,225.94,1101.37
2024-05-09,225.86,66.54,222.78,1162.68
2024-05-10,226.78,66.13,220.35,1168.3
2024-05-13,226.68,66.01,220.1,1197.36
2024-05-14,223.48,66.0,222.59,1157.53
2024-05-15,215.65,65.17,220.52,1109.98
2024-05-16,221.77,65.55,218.48,1184.63
2024-05-17,213.15,64.09,217.61,1157.67
2024-05-20,208.37,63.61,217.65,1175.41
2024-05-21,204.78,63.53,220.11,1209.73
2024-05-22,207.05,63.99,222.76,1247.29
2024-05-23,214.79,63.95,222.91,1281.55
2024-05-24,212.91,64.61,219.38,1274.45
2024-05-27,212.24,63.83,221.17,1237.17
2024-05-28,218.62,65.73,221.33,1231.8
2024-05-29,225.7,67.57,220.13,1292.96
2024-05-30,224.2,67.91,220.27,1245.08
2024-05-31,222.1,69.0,221.44,1304.97
2024-06-03,217.1,68.25,222.02,1288.39
2024-06-04,220.64,67.61,220.6,1221.49
2024-06-05,220.75,66.64,214.77,1229.36
2024-06-06,226.4,67.12,213.32,1205.03
2024-06-07,222.31,65.51,215.62,1144.44
2024-06-10,221.08,64.66,214.91,1179.05
2024-06-11,217.19,63.9,216.24,1124.64
2024-06-12,219.09,64.62,214.35,1140.13
2024-06-13,212.15,63.89,215.82,1117.24
2024-06-14,213.96,63.87,215.53,1076.67
2024-06-17,215.5,63.97,216.48,1073.58
2024-06-18,213.79,63.52,217.28,1006.53
2024-06-19,212.46,63.37,217.73,1057.16
2024-06-20,216.27,63.29,217.58,1115.27
2024-06-21,211.3,64.57,217.24,1147.55
2024-06-24,210.37,64.14,216.44,1197.59
2024-06-25,206.31,62.23,216.86,1212.8
2024-06-26,201.17,62.05,216.64,1207.42
2024-06-27,200.56,62.75,217.65,1200.56
2024-06-28,192.33,62.09,215.62,1225.91
2024-07-01,189.09,60.97,217.17,1170.3
2024-07-02,186.05,60.93,219.75,1186.95
2024-07-03,189.01,62.11,218.59,1282.14
2024-07-04,192.67,62.8,221.94,1338.1
2024-07-05,192.13,62.16,223.64,1337.83
2024-07-08,189.62,61.69,224.66,1373.0
2024-07-09,192.11,61.55,222.82,1324.0
2024-07-10,191.31,61.33,224.83,1290.83
2024-07-11,192.78,61.96,223.76,1349.04
2024-07-12,188.16,61.03,223.68,1333.47
2024-07-15,187.82,61.81,223.57,1355.81
2024-07-16,189.66,61.84,224.37,1287.44
2024-07-17,188.35,61.67,220.9,1222.23
2024-07-18,183.63,60.08,219.77,1164.96
2024-07-19,183.66,59.93,218.57,1134.73
2024-07-22,183.95,60.56,220.33,1140.78
2024-07-23,187.89,61.37,219.86,1081.9
2024-07-24,183.63,61.2,216.58,1050.4
2024-07-25,182.27,61.0,220.03,1031.43
2024-07-26,177.11,59.15,217.88,991.04
2024-07-29,173.04,59.36,218.93,947.56
2024-07-30,168.97,58.95,222.53,927.57
2024-07-31,161.99,58.43,224.41,920.51
2024-08-01,164.31,59.16,220.76,912.55
2024-08-02,165.65,59.37,219.56,890.9
2024-08-05,171.59,60.49,218.16,899.77
2024-08-06,171.23,60.64,219.86,882.58
2024-08-07,173.51,60.37,218.57,832.87
2024-08-08,174.06,59.53,218.4,816.27
2024-08-09,171.32,59.4,215.27,777.81
2024-08-12,168.16,58.82,211.84,730.57
2024-08-13,163.91,56.97,209.66,711.17
2024-08-14,164.54,57.0,205.26,658.02
2024-08-15,166.02,57.09,204.75,704.61
2024-08-16,166.7,57.08,206.27,679.68
2024-08-19,162.31,57.18,208.38,682.11
2024-08-20,162.5,58.0,207.74,667.16
2024-08-21,165.34,57.48,208.79,713.17
2024-08-22,163.32,56.79,204.81,676.81
2024-08-23,160.31,56.94,203.19,636.05
2024-08-26,159.6,56.03,204.37,622.27
2024-08-27,164.17,56.79,207.0,636.25
2024-08-28,168.25,56.24,206.49,602.98
2024-08-29,163.14,55.8,204.56,554.7
2024-08-30,165.28,56.22,205.9,582.82
2024-09-02,165.54,56.48,206.54,605.44
2024-09-03,169.59,56.95,207.06,618.64
2024-09-04,166.37,56.1,206.39,602.82
2024-09-05,163.07,56.31,209.02,591.67
2024-09-06,161.65,56.99,209.64,606.57
2024-09-09,161.37,57.26,207.04,568.68
2024-09-10,162.56,58.01,206.52,575.84
2024-09-11,163.47,58.55,208.77,562.69
2024-09-12,159.82,58.21,204.32,529.87
2024-09-13,158.94,58.43,202.66,505.6
2024-09-16,162.24,58.76,200.91,509.2
2024-09-17,168.69,59.02,201.14,513.79
2024-09-18,168.17,59.29,201.35,542.53
2024-09-19,166.37,59.34,199.29,543.03
2024-09-20,167.5,59.36,201.41,534.03
2024-09-23,169.2,59.16,202.33,570.2
2024-09-24,168.48,59.48,200.5,537.07
2024-09-25,171.92,59.54,200.47,567.79
2024-09-26,174.78,59.19,197.3,576.05
2024-09-27,173.27,59.94,200.73,556.4
2024-09-30,177.51,60.85,196.87,579.42
2024-10-01,176.97,60.68,194.15,547.97
2024-10-02,179.01,60.37,193.36,519.49
2024-10-03,183.34,60.5,192.75,543.46
2024-10-04,178.55,59.95,195.75,510.06
2024-10-07,174.31,60.43,197.83,481.58
2024-10-08,174.74,59.42,197.91,486.34
2024-10-09,174.0,59.25,196.12,495.13
2024-10-10,180.71,60.49,195.18,547.29
2024-10-11,174.75,60.94,192.22,524.43
2024-10-14,182.57,60.83,192.33,529.03
2024-10-15,185.05,60.8,192.16,540.3
2024-10-16,187.64,60.64,192.64,580.33
2024-10-17,193.68,61.32,197.45,617.46
2024-10-18,196.68,61.28,196.96,646.96
2024-10-21,200.04,61.45,197.99,643.85
2024-10-22,195.63,61.92,198.98,666.48
2024-10-23,190.2,60.95,201.9,597.8
2024-10-24,190.71,61.45,200.71,592.34
2024-10-25,190.8,60.64,198.73,579.53
2024-10-28,191.28,60.29,196.09,560.62
2024-10-29,190.96,58.69,194.79,521.26
2024-10-30,192.76,59.2,197.51,494.94
2024-10-31,180.62,58.08,196.94,458.77
2024-11-01,180.8,57.75,199.73,486.95
2024-11-04,180.23,57.37,200.3,480.88
2024-11-05,180.18,57.23,201.4,489.05
2024-11-06,179.66,57.02,204.67,472.13
2024-11-07,178.87,56.61,200.58,454.95
2024-11-08,182.61,56.64,200.82,432.72
2024-11-11,180.93,55.89,199.34,426.23
2024-11-12,182.03,55.06,200.96,401.09
2024-11-13,182.47,55.27,200.54,396.47
2024-11-14,186.17,56.47,199.89,398.85
2024-11-15,184.97,56.51,198.18,403.79
2024-11-18,178.33,57.15,200.84,383.84
2024-11-19,176.66,57.28,197.46,358.48
2024-11-20,172.89,57.52,195.55,364.88
2024-11-21,171.83,58.11,196.11,386.77
2024-11-22,169.7,58.54,198.13,395.71
2024-11-25,169.18,57.14,198.78,396.42
2024-11-26,169.82,58.55,195.89,416.86
2024-11-27,164.59,57.65,193.4,416.17
2024-11-28,162.86,57.03,192.1,370.64
2024-11-29,161.38,57.03,194.47,367.06
2024-12-02,156.8,56.86,197.5,355.74
2024-12-03,155.99,56.99,200.8,339.46
2024-12-04,158.93,58.27,199.7,354.76
2024-12-05,156.44,58.09,197.45,336.19
2024-12-06,156.0,59.4,197.44,329.8
2024-12-09,156.99,59.48,197.33,346.41
2024-12-10,154.37,59.58,197.04,324.28
2024-12-11,153.94,59.34,196.21,334.13
2024-12-12,156.89,59.48,196.61,334.89
2024-12-13,156.98,59.3,198.79,352.93
2024-12-16,158.28,59.32,198.42,366.22
2024-12-17,158.6,59.88,198.17,367.8
2024-12-18,161.25,60.07,200.11,345.1
2024-12-19,162.15,60.46,199.89,347.27
2024-12-20,164.24,60.73,201.81,356.41
2024-12-23,167.41,61.18,201.35,390.83
2024-12-24,167.0,61.06,202.11,395.54
2024-12-25,164.2,60.74,200.98,378.55
2024-12-26,164.87,61.84,198.07,390.28
2024-12-27,161.41,61.69,197.72,379.02
2024-12-30,163.28,62.0,198.39,394.7
2024-12-31,160.41,61.53,199.24,395.13
2025-01-01,166.31,62.07,200.93,411.39
2025-01-02,166.96,62.27,202.45,441.24
2025-01-03,168.42,63.14,198.32,440.81
2025-01-06,166.8,62.65,197.81,412.16
2025-01-07,175.45,63.4,196.66,453.9
2025-01-08,175.73,64.66,198.59,452.88
2025-01-09,172.48,64.77,196.87,421.19
2025-01-10,173.42,64.46,198.54,414.86
2025-01-13,173.07,65.64,201.11,410.69
2025-01-14,168.19,65.9,200.58,402.58
2025-01-15,164.27,66.17,197.74,404.44
2025-01-16,165.13,65.07,198.47,424.21
2025-01-17,162.88,64.4,199.2,410.8
2025-01-20,165.69,64.77,200.35,428.47
2025-01-21,169.11,65.03,201.36,425.8
2025-01-22,168.57,65.9,202.03,452.96
2025-01-23,167.9,65.83,200.09,444.29
2025-01-24,159.93,66.26,195.59,428.62
2025-01-27,157.49,65.63,195.54,408.39
2025-01-28,150.35,63.56,195.94,357.3
2025-01-29,149.13,63.28,194.39,364.35
2025-01-30,149.85,64.41,195.1,373.38
2025-01-31,148.26,65.1,194.2,388.32
2025-02-03,144.6,64.02,191.21,380.02
2025-02-04,147.99,64.78,192.99,389.61
2025-02-05,153.87,64.01,192.25,384.39
2025-02-06,156.93,63.78,191.44,407.84
2025-02-07,152.76,64.08,191.19,387.91
2025-02-10,152.94,62.83,191.29,372.81
2025-02-11,154.31,63.07,189.67,400.02
2025-02-12,156.23,63.66,191.18,413.81
2025-02-13,154.19,64.14,193.54,400.15
2025-02-14,157.46,63.64,195.01,403.3
2025-02-17,155.6,63.49,192.87,366.74
2025-02-18,156.38,62.51,189.44,350.33
2025-02-19,157.59,62.96,192.08,333.03
2025-02-20,159.42,63.69,194.66,339.66
2025-02-21,157.78,64.39,195.89,336.07
2025-02-24,163.08,65.86,199.4,360.32
2025-02-25,164.25,65.52,198.59,376.95
2025-02-26,162.55,63.66,197.14,354.17
2025-02-27,164.95,65.06,197.59,364.24
2025-02-28,167.62,65.45,198.35,369.38
2025-03-03,167.15,65.03,200.55,396.63
2025-03-04,164.03,65.55,200.29,380.2
2025-03-05,169.03,65.2,201.88,394.13
2025-03-06,169.18,64.26,201.71,397.48
2025-03-07,169.04,63.67,200.63,364.6
2025-03-10,169.68,64.49,196.14,361.75
2025-03-11,170.81,64.33,192.55,357.81
2025-03-12,171.33,65.46,193.99,389.87
2025-03-13,172.79,64.79,192.19,384.47
2025-03-14,170.46,64.2,192.44,391.33
2025-03-17,174.7,64.33,191.83,378.66
2025-03-18,178.2,64.79,191.95,381.5
2025-03-19,180.58,65.32,191.13,403.98
2025-03-20,179.09,64.65,188.53,363.46
2025-03-21,183.26,65.76,187.66,365.07
2025-03-24,181.82,64.43,188.46,362.25
2025-03-25,181.06,64.21,188.21,361.66
2025-03-26,187.04,64.57,186.99,361.87
2025-03-27,185.46,65.57,185.83,354.49
2025-03-28,190.36,67.03,187.9,360.22
2025-03-31,190.14,67.13,186.13,362.66
2025-04-01,184.09,65.64,184.9,334.89
2025-04-02,182.29,65.23,182.92,339.38
2025-04-03,186.0,65.68,181.45,357.54
2025-04-04,183.49,64.85,183.25,346.32
2025-04-07,185.5,65.12,182.76,379.03
2025-04-08,186.48,65.26,182.83,401.17
2025-04-09,190.09,67.71,182.77,420.37
2025-04-10,191.49,66.99,180.78,379.6
2025-04-11,196.83,67.64,178.97,396.39
2025-04-14,196.99,67.17,175.57,389.35
2025-04-15,194.89,67.31,176.95,354.2
2025-04-16,187.47,66.25,177.62,348.1
2025-04-17,185.3,66.54,177.8,359.83
2025-04-18,182.21,65.26,175.8,388.8
2025-04-21,182.07,64.2,173.95,391.55
2025-04-22,178.64,61.87,173.21,368.03
2025-04-23,179.14,61.93,171.62,372.65
2025-04-24,177.18,61.62,174.92,362.13
2025-04-25,176.12,60.83,172.38,353.73
2025-04-28,168.4,60.61,170.85,323.38
2025-04-29,175.58,61.8,174.23,344.47
2025-04-30,174.96,61.33,171.46,343.11
2025-05-01,173.65,60.5,171.3,344.76
2025-05-02,177.45,61.28,171.92,364.1
2025-05-05,176.31,60.94,172.42,382.21
2025-05-06,180.99,61.61,170.08,386.64
2025-05-07,178.39,62.03,169.59,378.56
2025-05-08,174.33,60.58,167.53,389.12
2025-05-09,170.41,60.17,166.96,401.96
2025-05-12,166.1,59.61,164.04,388.95
2025-05-13,165.15,58.47,164.07,390.82
2025-05-14,159.94,58.62,164.47,378.53
2025-05-15,157.27,59.15,166.0,365.4
2025-05-16,155.28,58.84,166.15,352.47
2025-05-19,156.19,59.53,164.17,358.32
2025-05-20,153.22,59.66,164.72,373.36
2025-05-21,149.52,59.14,166.77,379.7
2025-05-22,147.11,59.82,164.65,400.17
2025-05-23,149.19,60.05,166.3,431.51
2025-05-26,150.4,60.14,164.92,442.52
2025-05-27,148.78,60.03,165.56,421.86
2025-05-28,150.62,60.3,165.55,452.12
2025-05-29,143.03,60.19,164.98,442.37
2025-05-30,140.61,60.62,164.73,449.17
2025-06-02,140.82,61.02,164.36,472.35
2025-06-03,134.98,59.89,163.97,421.68
2025-06-04,136.74,60.21,163.71,411.4
2025-06-05,135.58,59.3,164.08,398.38
2025-06-06,138.21,58.57,163.25,385.33
2025-06-09,137.41,59.24,164.13,363.93
2025-06-10,133.97,58.29,163.14,376.92
2025-06-11,133.11,59.0,163.21,391.52
2025-06-12,130.43,57.93,162.42,362.41
2025-06-13,127.13,57.5,161.87,341.86
2025-06-16,124.69,58.32,159.2,333.89
2025-06-17,126.35,59.23,159.65,345.39
2025-06-18,127.57,60.1,161.27,331.3
2025-06-19,126.1,60.74,163.54,322.7
2025-06-20,126.96,60.06,163.29,335.55
2025-06-23,127.9,58.83,162.8,338.7
2025-06-24,128.05,58.51,161.2,305.47
2025-06-25,127.98,58.52,163.99,293.08
2025-06-26,126.17,57.61,164.19,286.21
2025-06-27,125.08,57.32,166.0,286.44
2025-06-30,126.0,56.7,166.98,298.72
2025-07-01,123.89,56.93,167.53,279.13
2025-07-02,122.1,57.27,167.99,268.92
2025-07-03,121.03,56.04,168.18,257.71
2025-07-04,124.53,57.88,167.49,269.71
2025-07-07,124.06,58.16,169.42,257.15
2025-07-08,125.32,57.69,170.08,244.63
2025-07-09,120.96,56.58,169.96,230.35
2025-07-10,120.65,56.78,169.95,226.38
2025-07-11,118.5,57.09,170.35,226.33
2025-07-14,117.78,57.08,172.78,219.18
2025-07-15,114.62,56.82,171.46,213.05
2025-07-16,119.61,58.02,173.59,220.47
2025-07-17,118.71,58.07,173.53,222.63
2025-07-18,115.67,57.31,172.59,220.9
2025-07-21,118.18,58.25,173.66,222.84
2025-07-22,118.68,57.6,172.96,223.38
2025-07-23,118.29,58.07,172.94,223.02
2025-07-24,117.14,57.6,171.71,225.64
2025-07-25,119.42,58.86,173.78,233.11
2025-07-28,116.92,58.68,173.94,221.95
2025-07-29,116.0,58.07,174.11,230.54
2025-07-30,114.16,56.94,173.0,225.58
2025-07-31,119.28,57.51,172.56,232.09
2025-08-01,119.66,57.69,173.44,229.07
2025-08-04,119.06,58.06,172.61,227.96
2025-08-05,115.92,57.23,173.08,234.84
2025-08-06,116.5,57.58,174.16,238.99
2025-08-07,119.13,58.14,172.92,258.39
2025-08-08,122.41,58.38,172.24,274.61
2025-08-11,121.98,58.46,172.64,267.27
2025-08-12,121.29,57.86,170.73,257.88
2025-08-13,125.07,57.57,171.87,243.17
2025-08-14,125.82,56.49,171.83,241.65
2025-08-15,124.5,55.19,172.15,224.24
2025-08-18,123.99,56.1,175.89,238.45
2025-08-19,124.53,55.69,178.81,239.67
2025-08-20,127.03,56.35,180.08,240.24
2025-08-21,126.58,56.33,177.6,238.36
2025-08-22,124.29,56.57,180.07,242.27
2025-08-25,125.8,55.49,182.77,246.12
2025-08-26,123.52,55.79,183.53,252.15
2025-08-27,117.52,54.27,183.03,242.77
2025-08-28,121.73,55.18,185.24,265.33
2025-08-29,119.31,55.63,188.54,291.17
