customer_id,name,country,onboarded_at,risk_rating,is_pep
C0000,Grevnek Orzekski,MY,2025-07-03,low,false
C0001,Umitas Farelar,MY,2024-07-25,medium,false
C0002,Hendan Farelov,VN,2024-05-31,medium,false
C0003,Brantas Lundraov,VN,2024-07-02,low,false
C0004,Dorriel Jorelyan,GB,2025-10-11,low,true
C0005,Mortas Cernaski,KR,2024-02-26,low,false
C0006,Ralriel Hanreski,KR,2025-05-02,low,false
C0007,Sevriel Aldreyan,JP,2025-06-19,medium,false
C0008,Karen Pravinul,KR,2024-07-23,low,false
C0009,Nisriel Boskoyan,JP,2026-02-24,low,false
C0010,Talren Jorelski,US,2025-06-15,low,false
C0011,Morren Jorelul,US,2024-09-03,medium,false
C0012,Talmir Enkoar,FR,2024-02-06,low,false
C0013,Henvic Hanreul,SG,2024-05-06,low,false
C0014,Taltas Orzekes,MY,2025-04-19,low,false
C0015,Dormir Davrees,VN,2025-12-27,low,false
C0016,Zardan Lundraul,AU,2024-02-09,medium,false
C0017,Nislo Krevoes,FR,2025-07-22,low,false
C0018,Ostnek Farelyan,SG,2024-01-19,low,false
C0019,Taltas Lundraski,US,2024-02-12,low,false
C0020,Umitas Enkoov,JP,2024-11-08,low,false
C0021,Talren Krevoar,MY,2025-02-16,low,false
C0022,Grevren Boskoes,JP,2025-11-20,low,false
C0023,Umilo Farelski,AU,2024-05-04,medium,false
C0024,Ostvic Davreenko,KR,2024-08-18,medium,false
C0025,Brannek Enkoul,JP,2024-10-19,low,false
C0026,Ilytas Lundraul,MY,2025-07-16,low,false
C0027,Dorriel Fareles,JP,2025-07-13,low,false
C0028,Grevtas Enkoar,SG,2024-11-13,low,false
C0029,Dorriel Boskoski,JP,2025-04-25,low,false
C0030,Zarlo Davreov,VN,2024-08-07,low,false
C0031,Zardan Farelenko,GB,2024-05-05,low,false
C0032,Sevmir Lundrayan,SG,2025-01-10,high,false
C0033,Dornek Hanreski,SG,2024-07-14,low,false
C0034,Brannek Davreitz,KR,2025-03-27,low,true
C0035,Grevnek Hanreski,DE,2025-11-19,low,true
C0036,Zartas Krevoenko,GB,2025-01-18,low,false
C0037,Nistas Nevicski,SG,2025-09-04,low,false
C0038,Mordan Davreitz,VN,2025-11-02,medium,false
C0039,Grevvic Cernaov,GB,2025-02-22,medium,false
C0040,Ostmir Orzekski,SG,2024-09-06,low,false
C0041,Morriel Farelyan,SG,2025-10-28,low,false
C0042,Ilyren Davreenko,DE,2024-02-20,low,false
C0043,Uminek Maroses,FR,2024-04-20,low,false
C0044,Ostdan Pravinitz,MY,2024-12-29,low,false
C0045,Kavic Jorelar,VN,2025-09-20,low,false
C0046,Uminek Nevicski,AU,2024-05-19,low,false
C0047,Ralmir Lundraul,VN,2025-09-02,low,false
C0048,Feldan Marosul,KR,2024-02-08,medium,false
C0049,Umivic Nevicul,KR,2024-02-08,low,false
C0050,Kariel Lundraski,SG,2025-02-26,medium,false
C0051,Sevlo Pravinyan,US,2024-07-06,low,false
C0052,Nistas Enkoski,GB,2025-02-01,low,false
C0053,Umivic Nevicov,FR,2024-05-07,low,false
C0054,Hennek Lundraes,KR,2025-07-30,low,true
C0055,Ostdan Jorelar,KR,2024-01-12,low,false
C0056,Nislo Nevicov,FR,2024-08-19,medium,false
C0057,Hendan Jorelenko,FR,2024-02-24,low,false
C0058,Sevdan Nevicov,DE,2024-01-04,low,false
C0059,Grevnek Nevicar,GB,2024-09-05,low,false
C0060,Nismir Lundraski,KR,2025-01-17,medium,false
C0061,Ilydan Nevices,KR,2026-03-08,medium,false
C0062,Ilynek Marosar,US,2026-01-11,medium,false
C0063,Osttas Marositz,MY,2025-01-15,low,false
C0064,Umiriel Davreov,US,2025-01-14,low,true
C0065,Zarvic Hanrees,SG,2024-07-29,low,false
C0066,Mormir Pravinul,MY,2024-01-19,high,false
C0067,Mornek Lundraar,KR,2024-09-24,low,false
C0068,Kavic Lundraski,JP,2025-06-13,low,false
C0069,Ostriel Marositz,VN,2024-03-23,low,false
C0070,Morriel Jorelar,VN,2024-03-14,high,false
C0071,Grevtas Hanreov,KR,2026-02-07,low,false
C0072,Branriel Pravinenko,AU,2024-09-01,high,false
C0073,Hentas Orzekyan,KR,2024-03-24,low,false
C0074,Sevren Jorelski,JP,2024-07-24,medium,false
C0075,Felren Ivaskov,US,2024-01-02,medium,false
C0076,Dorren Marositz,KR,2024-01-08,medium,false
C0077,Zarmir Ivaskenko,MY,2025-06-05,low,false
C0078,Nislo Lundraov,GB,2025-07-12,low,false
C0079,Taldan Orzekul,VN,2025-09-10,low,false
C0080,Zarriel Krevoyan,JP,2024-10-13,low,false
C0081,Sevren Gostynitz,GB,2025-06-09,low,false
C0082,Sevvic Jorelenko,KR,2025-03-02,low,false
C0083,Kariel Farelenko,MY,2024-01-31,low,false
C0084,Kariel Jorelar,SG,2024-01-18,low,false
C0085,Raltas Enkoenko,SG,2025-08-01,medium,false
C0086,Kavic Lundraitz,DE,2024-01-20,low,true
C0087,Grevriel Marosar,SG,2024-05-19,high,false
C0088,Zarlo Farelenko,FR,2025-04-03,low,false
C0089,Zarvic Cernaski,AU,2024-10-11,medium,false
C0090,Henlo Krevoyan,GB,2024-07-04,high,false
C0091,Ostriel Hanreenko,US,2024-06-03,medium,false
C0092,Ralriel Gostynul,FR,2024-07-06,low,false
C0093,Kadan Orzekes,AU,2025-01-14,medium,false
C0094,Ostlo Nevicitz,AU,2024-08-07,medium,false
C0095,Henren Krevoov,GB,2026-02-16,low,false
C0096,Talnek Ivaskenko,KR,2026-01-10,high,false
C0097,Osttas Enkoenko,KR,2024-06-03,low,false
C0098,Ilyren Davreski,DE,2024-08-19,low,false
C0099,Kanek Gostynul,FR,2025-05-22,high,false
C0100,Dorriel Krevoar,AU,2024-10-31,low,false
C0101,Dorvic Farelyan,JP,2024-12-08,low,false
C0102,Sevnek Krevoes,GB,2024-10-22,low,false
C0103,Grevriel Gostynul,SG,2025-11-12,low,false
C0104,Zarmir Orzekenko,KR,2025-11-06,low,false
C0105,Brantas Farelar,MY,2024-05-04,low,false
C0106,Venek Cernaul,VN,2025-06-15,low,false
C0107,Osttas Jorelitz,GB,2025-12-01,high,false
C0108,Vevic Gostynski,DE,2024-10-16,low,false
C0109,Katas Jorelul,MY,2024-04-08,high,false
C0110,Brantas Cernaov,US,2025-09-15,low,false
C0111,Tallo Farelul,DE,2025-09-13,low,false
C0112,Mormir Marosski,US,2026-02-07,low,false
C0113,Taltas Cernayan,JP,2026-02-04,low,false
C0114,Kanek Maroses,US,2024-04-11,low,false
C0115,Vemir Aldreski,VN,2026-01-12,low,false
C0116,Felren Pravinul,US,2024-09-16,low,false
C0117,Umimir Ivaskski,US,2024-10-06,low,false
C0118,Branvic Davrees,DE,2025-11-25,medium,false
C0119,Felmir Davreov,AU,2025-12-31,low,false
C0120,Veriel Nevicenko,GB,2025-07-16,low,false
C0121,Ostren Farelar,KR,2024-02-29,low,false
C0122,Grevnek Lundraov,JP,2026-01-29,low,false
C0123,Zardan Pravinitz,VN,2025-10-16,low,false
C0124,Felnek Lundraov,US,2025-03-09,low,false
C0125,Brannek Aldrear,SG,2025-11-18,low,false
C0126,Talmir Pravinski,GB,2025-08-17,low,false
C0127,Nismir Pravinul,FR,2025-05-20,low,false
C0128,Ostren Lundraski,SG,2025-10-11,medium,true
C0129,Nisren Hanrees,DE,2025-04-10,medium,false
C0130,Branren Nevicov,FR,2024-03-13,medium,false
C0131,Kavic Boskoov,SG,2026-02-11,low,false
C0132,Kadan Aldreitz,JP,2026-02-10,low,false
C0133,Sevriel Nevicyan,MY,2024-08-03,low,false
C0134,Kavic Hanreul,SG,2025-06-09,low,false
C0135,Ilynek Lundraes,SG,2025-07-18,high,false
C0136,Morvic Farelul,SG,2024-10-17,low,false
C0137,Ostlo Lundraes,JP,2025-01-01,low,false
C0138,Umiriel Orzekski,JP,2024-05-16,high,true
C0139,Grevvic Orzekes,US,2024-05-15,low,false
C0140,Sevnek Lundraul,VN,2024-03-31,medium,false
C0141,Zardan Pravinenko,SG,2025-06-07,low,false
C0142,Grevren Nevicov,DE,2025-03-27,low,false
C0143,Osttas Gostynul,DE,2025-01-27,high,false
C0144,Karen Enkoyan,GB,2025-11-01,low,false
C0145,Kavic Marosov,US,2024-08-13,low,false
C0146,Hentas Farelyan,US,2026-02-01,low,false
C0147,Talriel Lundraitz,FR,2024-05-23,low,false
C0148,Branren Marosyan,VN,2024-05-19,low,false
C0149,Hennek Davreenko,KR,2025-09-25,low,false
C0150,Kalo Cernayan,JP,2024-02-20,low,false
C0151,Ostren Fareles,SG,2025-07-21,high,false
C0152,Feltas Enkoyan,KR,2024-04-12,low,false
C0153,Dortas Nevicar,GB,2024-02-03,low,false
C0154,Sevnek Boskoes,SG,2024-09-26,low,false
C0155,Veriel Krevoenko,SG,2025-04-09,low,true
C0156,Kamir Enkoar,VN,2024-11-15,low,false
C0157,Zarriel Ivaskar,FR,2024-01-20,low,false
C0158,Raltas Davreitz,VN,2024-01-15,low,false
C0159,Felvic Boskoar,AU,2025-09-30,low,false
C0160,Ostmir Hanreski,VN,2024-07-27,medium,false
C0161,Brantas Farelski,MY,2025-11-17,high,false
C0162,Ilymir Pravinenko,AU,2025-05-02,low,false
C0163,Felriel Orzekul,SG,2025-07-23,low,false
C0164,Talnek Krevoes,AU,2024-06-26,low,true
C0165,Zarmir Aldreul,FR,2024-09-18,low,false
C0166,Umidan Farelenko,MY,2025-11-29,low,false
C0167,Zarlo Lundraar,AU,2024-05-14,low,false
C0168,Nislo Davreski,SG,2025-08-26,low,false
C0169,Vevic Davreov,DE,2025-04-26,low,false
C0170,Felmir Marosul,DE,2025-12-15,low,false
C0171,Branriel Cernaul,FR,2024-07-28,medium,false
C0172,Branvic Hanreyan,SG,2024-10-14,low,false
C0173,Veren Farelitz,VN,2026-03-02,low,false
C0174,Dortas Pravines,DE,2025-07-18,low,false
C0175,Raltas Enkoes,SG,2024-09-16,low,false
C0176,Ralriel Lundraov,US,2024-11-08,low,false
C0177,Umiren Jorelov,US,2025-02-24,low,false
C0178,Umilo Gostynul,AU,2025-06-21,low,false
C0179,Mornek Gostynov,VN,2025-06-14,low,false
C0180,Hentas Jorelar,FR,2026-01-23,low,false
C0181,Ostmir Hanreitz,US,2024-08-17,low,false
C0182,Feltas Pravinov,MY,2025-09-07,low,false
C0183,Ilyvic Farelitz,KR,2026-01-06,high,false
C0184,Nisriel Enkoov,SG,2024-07-01,low,false
C0185,Dorvic Pravinyan,AU,2024-11-22,high,true
C0186,Henriel Orzekes,AU,2025-10-07,low,false
C0187,Vedan Orzekes,MY,2024-12-23,low,false
C0188,Morvic Davrear,SG,2024-08-10,low,false
C0189,Tallo Hanreski,SG,2024-12-04,high,false
C0190,Tallo Ivaskski,JP,2024-06-20,medium,false
C0191,Ostdan Cernaenko,AU,2024-08-16,low,false
C0192,Ralriel Gostynenko,KR,2025-09-23,medium,false
C0193,Nisren Farelski,SG,2025-08-17,low,false
C0194,Kavic Enkoul,GB,2024-11-25,low,false
C0195,Karen Davrear,GB,2024-07-26,low,false
C0196,Dormir Pravinenko,VN,2025-10-06,medium,false
C0197,Umimir Joreles,AU,2025-10-20,low,false
C0198,Nislo Boskoski,FR,2024-08-12,medium,false
C0199,Zarriel Enkoenko,SG,2025-03-31,high,false
C0200,Zarmir Krevoov,US,2024-05-10,low,false
C0201,Ralvic Jorelul,FR,2024-05-05,low,false
C0202,Ostnek Cernaov,KR,2025-01-28,low,false
C0203,Dorriel Krevoyan,MY,2025-12-25,low,false
C0204,Ilyren Davreul,GB,2024-06-03,low,false
C0205,Ilyriel Ivaskes,AU,2025-12-02,low,false
C0206,Uminek Krevoes,JP,2025-03-04,low,false
C0207,Dormir Farelyan,AU,2026-02-15,low,false
C0208,Sevlo Lundraul,FR,2024-05-30,medium,false
C0209,Brannek Davreski,JP,2024-05-01,medium,false
C0210,Ostriel Lundraski,KR,2025-09-15,medium,false
C0211,Henriel Jorelov,VN,2025-12-05,low,false
C0212,Ilytas Lundrayan,DE,2025-09-01,low,false
C0213,Ilydan Jorelitz,MY,2025-11-27,low,false
C0214,Taldan Aldreyan,VN,2025-06-12,low,false
C0215,Veriel Lundrayan,DE,2025-10-08,medium,false
C0216,Sevdan Pravinul,AU,2026-01-07,low,false
C0217,Nismir Aldreski,JP,2024-05-22,low,false
C0218,Nislo Aldreul,GB,2025-07-21,low,false
C0219,Ostlo Farelul,JP,2024-07-09,low,false
C0220,Sevdan Lundraenko,FR,2024-11-23,medium,false
C0221,Kamir Marositz,DE,2025-05-27,low,false
C0222,Hennek Joreles,KR,2025-03-28,low,false
C0223,Sevriel Krevoski,MY,2024-08-28,medium,false
C0224,Ilylo Farelyan,GB,2026-02-13,low,false
C0225,Nisriel Orzekar,JP,2025-04-05,high,false
C0226,Talren Cernaul,DE,2024-02-17,low,false
C0227,Brandan Orzekenko,AU,2025-06-27,low,false
C0228,Raldan Davreski,GB,2024-05-20,low,false
C0229,Felnek Davreyan,US,2025-03-21,medium,false
C0230,Sevriel Aldreov,AU,2024-12-26,medium,false
C0231,Umilo Jorelitz,US,2025-05-18,low,false
C0232,Talren Farelenko,KR,2025-09-03,low,false
C0233,Dorren Pravinski,GB,2024-12-12,low,false
C0234,Nisnek Gostynitz,MY,2025-12-30,low,false
C0235,Grevvic Gostynar,SG,2024-01-15,low,false
C0236,Brannek Gostynul,US,2024-02-12,low,false
C0237,Sevtas Davrees,JP,2024-03-06,medium,false
C0238,Nisvic Marosenko,US,2024-04-12,high,false
C0239,Nisren Ivaskul,KR,2024-06-10,medium,false
C0240,Zarren Jorelenko,DE,2025-08-24,low,false
C0241,Karen Davreski,AU,2024-08-15,high,false
C0242,Kalo Lundraski,KR,2025-03-02,low,false
C0243,Sevriel Hanreov,AU,2026-01-09,low,false
C0244,Dorlo Farelov,JP,2025-12-01,low,false
C0245,Ilyriel Hanreul,FR,2024-07-16,low,false
C0246,Rallo Enkoyan,FR,2025-02-08,medium,false
C0247,Umivic Enkoul,GB,2024-08-30,low,false
C0248,Zardan Marosski,KR,2025-04-02,low,false
C0249,Zarnek Davreov,SG,2025-06-08,low,false
C0250,Grevtas Hanreenko,KR,2025-07-11,low,false
C0251,Grevdan Gostynski,JP,2026-02-22,low,false
C0252,Vevic Nevicov,AU,2026-01-28,low,false
C0253,Vetas Lundraul,DE,2024-05-12,low,false
C0254,Hennek Pravinski,SG,2024-06-11,low,false
C0255,Sevtas Krevoenko,JP,2025-07-22,low,false
C0256,Felvic Marosul,GB,2024-06-25,low,false
C0257,Ralmir Farelar,KR,2025-05-27,medium,false
C0258,Zartas Aldrear,US,2026-01-25,medium,false
C0259,Felriel Davrear,DE,2025-01-08,low,false
C0260,Ostlo Cernaar,VN,2024-11-27,low,false
C0261,Sevdan Jorelyan,KR,2025-12-14,low,false
C0262,Grevren Davreov,KR,2024-07-30,low,false
C0263,Morren Orzekski,US,2025-01-13,medium,false
C0264,Ilyriel Orzekes,GB,2025-05-20,medium,false
C0265,Ostdan Hanrear,VN,2024-11-17,medium,false
C0266,Sevren Ivaskitz,KR,2024-05-10,low,false
C0267,Sevvic Krevoar,GB,2024-09-26,low,false
C0268,Hennek Pravinul,US,2024-07-31,low,false
C0269,Fello Orzekenko,DE,2024-02-15,low,false
C0270,Ilydan Orzekitz,GB,2024-03-05,low,false
C0271,Grevtas Davrear,KR,2025-04-18,low,false
C0272,Ilymir Enkoitz,KR,2025-02-27,low,false
C0273,Ralvic Davreitz,US,2026-01-24,low,false
C0274,Vemir Lundraitz,FR,2024-04-29,medium,false
C0275,Mortas Lundraes,GB,2025-10-03,low,false
C0276,Henmir Orzekov,FR,2025-07-13,low,false
C0277,Vedan Jorelenko,FR,2025-12-22,low,false
C0278,Branmir Gostynitz,KR,2024-11-02,low,false
C0279,Talvic Cernayan,AU,2026-01-02,low,false
C0280,Ostlo Nevicar,KR,2026-02-18,low,false
C0281,Ostnek Gostynul,VN,2025-10-31,medium,false
C0282,Grevriel Ivaskov,GB,2024-02-14,low,false
C0283,Ostmir Enkoski,FR,2025-08-04,low,false
C0284,Morriel Jorelenko,JP,2024-06-08,low,false
C0285,Felvic Cernaes,DE,2024-12-31,high,false
C0286,Sevriel Gostynes,MY,2024-01-25,medium,false
C0287,Ilydan Pravinyan,KR,2025-12-02,low,false
C0288,Morvic Krevoenko,FR,2025-08-23,low,false
C0289,Sevriel Davreov,JP,2025-12-23,medium,false
C0290,Taldan Pravines,KR,2024-08-16,low,false
C0291,Ostlo Ivaskyan,DE,2025-04-04,medium,false
C0292,Grevlo Enkoyan,FR,2025-12-04,low,false
C0293,Ilyren Cernayan,US,2024-03-15,low,false
C0294,Ostlo Enkoski,VN,2024-06-16,low,false
C0295,Brannek Aldreov,MY,2025-04-05,medium,false
C0296,Zarlo Ivaskes,JP,2024-01-19,low,false
C0297,Feldan Aldreyan,MY,2025-04-29,low,false
C0298,Ralvic Lundraul,AU,2024-12-14,medium,false
C0299,Hentas Orzekar,VN,2025-08-23,low,false
C0300,Branvic Lundraitz,JP,2024-04-21,low,false
C0301,Taltas Enkoar,US,2025-09-05,low,false
C0302,Morriel Nevicov,VN,2025-03-31,low,false
C0303,Kamir Marositz,AU,2025-09-17,medium,false
C0304,Ostriel Maroses,DE,2025-08-24,low,false
C0305,Nismir Pravinul,SG,2025-11-17,low,false
C0306,Hendan Farelenko,MY,2025-10-28,low,false
C0307,Felren Jorelar,FR,2024-02-19,low,false
C0308,Dormir Marosenko,DE,2024-06-04,low,false
C0309,Brantas Orzekski,MY,2025-08-02,medium,false
C0310,Feldan Fareles,VN,2024-10-16,low,false
C0311,Ilydan Orzekov,US,2025-06-13,medium,false
C0312,Veren Krevoul,DE,2024-07-21,low,false
C0313,Henren Lundraes,MY,2025-07-01,low,false
C0314,Talmir Ivaskenko,SG,2024-04-28,low,false
C0315,Talren Ivaskes,MY,2024-09-06,medium,false
C0316,Feltas Cernaov,AU,2025-06-06,low,false
C0317,Grevmir Farelyan,MY,2025-04-18,low,false
C0318,Henren Jorelitz,KR,2024-09-19,high,false
C0319,Dortas Pravinski,US,2025-02-22,low,false
C0320,Talnek Hanrear,FR,2026-02-19,low,false
C0321,Felren Krevoenko,GB,2024-06-29,low,false
C0322,Rallo Lundraul,KR,2025-04-06,low,false
C0323,Zarriel Jorelenko,SG,2024-07-10,low,false
C0324,Ralriel Boskoski,MY,2025-11-14,medium,false
C0325,Talren Aldreenko,VN,2025-12-09,low,false
C0326,Ralnek Jorelar,VN,2024-12-03,medium,false
C0327,Henmir Ivaskar,FR,2025-05-27,medium,false
C0328,Grevriel Orzekenko,KR,2024-07-14,medium,false
C0329,Mornek Gostynul,US,2026-01-10,medium,false
C0330,Ilytas Jorelenko,US,2024-11-24,high,false
C0331,Mordan Jorelenko,KR,2025-01-24,low,false
C0332,Ralriel Gostynov,MY,2025-04-09,low,false
C0333,Velo Boskoenko,SG,2025-05-04,medium,false
C0334,Talnek Lundraenko,JP,2025-07-19,medium,false
C0335,Ilylo Ivaskes,SG,2024-02-01,low,false
C0336,Fello Aldreitz,SG,2025-10-28,medium,false
C0337,Talriel Orzekes,US,2025-12-11,medium,false
C0338,Vedan Ivaskar,VN,2024-03-16,high,false
C0339,Sevnek Gostynenko,DE,2025-04-04,low,false
C0340,Felmir Farelitz,JP,2024-09-03,low,false
C0341,Sevriel Aldreitz,DE,2024-08-26,low,false
C0342,Grevmir Pravinyan,MY,2024-08-22,low,false
C0343,Taldan Hanreski,KR,2025-05-18,low,false
C0344,Vetas Cernaski,VN,2024-12-23,high,false
C0345,Dornek Boskoyan,GB,2024-08-05,low,false
C0346,Ralnek Hanreov,US,2026-01-11,low,false
C0347,Brannek Pravinul,JP,2024-06-08,high,false
C0348,Grevdan Jorelenko,SG,2025-01-27,low,false
C0349,Nistas Enkoar,FR,2024-05-08,medium,false
C0350,Nisren Gostynski,MY,2024-12-14,low,false
C0351,Uminek Marosski,GB,2024-03-21,medium,false
C0352,Ilyren Krevoov,GB,2024-04-23,medium,false
C0353,Umiriel Enkoski,GB,2025-01-04,low,false
C0354,Velo Nevicitz,GB,2025-07-14,medium,false
C0355,Morren Orzekov,SG,2025-05-23,low,false
C0356,Grevren Cernaenko,VN,2024-01-31,low,false
C0357,Talnek Gostynes,US,2024-11-18,low,false
C0358,Ilyriel Krevoski,JP,2025-02-06,medium,false
C0359,Felvic Aldreenko,SG,2024-01-30,low,false
C0360,Felriel Krevoes,FR,2026-02-04,low,false
C0361,Nislo Enkoyan,AU,2024-01-20,high,false
C0362,Zartas Krevoar,MY,2024-12-01,low,false
C0363,Henriel Lundraitz,KR,2025-04-30,high,false
C0364,Hentas Krevoski,VN,2025-12-29,low,false
C0365,Tallo Gostynitz,US,2025-02-08,medium,false
C0366,Umiren Marosov,GB,2024-05-23,low,false
C0367,Talnek Pravinul,DE,2024-10-14,high,false
C0368,Vevic Boskoyan,AU,2025-08-19,low,false
C0369,Dorvic Joreles,AU,2024-12-01,low,false
C0370,Ilydan Boskoov,MY,2025-10-01,low,false
C0371,Mordan Aldreyan,DE,2025-03-02,low,false
C0372,Rallo Boskoov,DE,2024-06-17,low,false
C0373,Ilylo Ivaskul,KR,2024-03-28,high,false
C0374,Ralvic Lundraitz,JP,2024-11-25,low,false
C0375,Brantas Hanreenko,JP,2025-11-30,low,false
C0376,Zarlo Boskoenko,KR,2026-03-09,low,false
C0377,Vedan Cernaar,AU,2024-12-11,low,false
C0378,Felren Orzekul,SG,2024-11-03,medium,false
C0379,Grevvic Enkoski,US,2025-09-27,low,false
C0380,Zarlo Pravinov,MY,2025-07-27,low,false
C0381,Zarren Jorelyan,KR,2026-01-12,medium,false
C0382,Vetas Aldrees,US,2025-01-02,low,false
C0383,Henren Marositz,AU,2025-01-17,low,false
C0384,Zarnek Cernaov,SG,2024-01-12,low,false
C0385,Venek Maroses,MY,2024-12-03,low,false
C0386,Mordan Joreles,KR,2025-12-24,low,false
C0387,Dorriel Farelenko,SG,2024-02-18,low,false
C0388,Dorlo Hanreov,DE,2024-12-30,low,false
C0389,Grevdan Aldrear,DE,2025-07-31,low,false
C0390,Morvic Hanreenko,MY,2024-06-22,low,false
C0391,Brantas Lundrayan,DE,2025-07-01,medium,false
C0392,Nistas Joreles,MY,2024-12-11,low,false
C0393,Ostvic Aldreul,MY,2025-12-18,low,false
C0394,Nisdan Cernaul,JP,2025-10-07,medium,false
C0395,Henlo Davreyan,SG,2026-03-10,low,false
C0396,Vedan Marosul,KR,2025-05-25,low,false
C0397,Talvic Jorelar,FR,2024-01-09,medium,false
C0398,Ralmir Hanreenko,JP,2025-07-06,medium,false
C0399,Kavic Cernaes,SG,2024-12-24,low,false
